core,exhaustive_semantic_check,expected_status,family,generator_seed,independent_semantic_check,independent_solver_status,layer,metadata,nclauses,nvars,path,run_id,seed,size
True,,SAT,layer_a_v01_regression,204000,True,SAT,A,"{""charge_parity"": 0, ""complemented_coordinates"": true, ""degree"": 3, ""edges"": 6, ""gate_encoding"": ""compact"", ""gate_relations"": 36, ""hidden_gate_basis"": [""and"", ""or"", ""not"", ""const""], ""layer"": ""A"", ""regression_only"": true, ""scope_boundaries_exposed"": false, ""semantic_labels_exposed"": false, ""target_emergent_language"": ""affine"", ""true_multigeneration_candidate"": true, ""vertices"": 4}",92,38,instances/separation_v0.2/layer_a_v01_regression.n4.s0.s.cnf,layer_a_v01_regression.n4.s0.s,0,4
True,,SAT,layer_b_heterogeneous_tseitin,204000,True,SAT,B,"{""charge_parity"": 0, ""gate_templates"": {""and_or_not"": 2, ""maj"": 3, ""nand"": 2, ""nor"": 1}, ""layer"": ""B"", ""max_initial_same_scope_clause_block"": 8, ""random_polarities"": true, ""scope_boundaries_exposed"": false, ""split_requires_multistep_join_project"": false, ""true_multigeneration_candidate"": true, ""vertices"": 4}",174,48,instances/separation_v0.2/layer_b_heterogeneous_tseitin.n4.s0.s.cnf,layer_b_heterogeneous_tseitin.n4.s0.s,0,4
True,,SAT,layer_c_heterogeneous_tseitin,204000,True,SAT,C,"{""charge_parity"": 0, ""gate_templates"": {""and_or_not"": 2, ""maj"": 3, ""nand"": 2, ""nor"": 1}, ""layer"": ""C"", ""max_initial_same_scope_clause_block"": 1, ""random_polarities"": true, ""scope_boundaries_exposed"": false, ""split_requires_multistep_join_project"": true, ""true_multigeneration_candidate"": true, ""vertices"": 4}",522,396,instances/separation_v0.2/layer_c_heterogeneous_tseitin.n4.s0.s.cnf,layer_c_heterogeneous_tseitin.n4.s0.s,0,4
True,True,SAT,layer_d_resolution_tseitin_reference,204000,True,SAT,D,"{""charge_parity"": 0, ""layer"": ""D"", ""random_reordered"": false, ""resolution_hard_reference"": true, ""true_multigeneration_candidate"": false, ""vertices"": 4}",16,6,instances/separation_v0.2/layer_d_resolution_tseitin_reference.n4.s0.s.cnf,layer_d_resolution_tseitin_reference.n4.s0.s,0,4
True,True,SAT,layer_d_random_reordered_parity,204000,True,SAT,D,"{""charge_parity"": 0, ""layer"": ""D"", ""random_reordered"": true, ""resolution_hard_reference"": true, ""true_multigeneration_candidate"": false, ""vertices"": 4}",16,6,instances/separation_v0.2/layer_d_random_reordered_parity.n4.s0.s.cnf,layer_d_random_reordered_parity.n4.s0.s,0,4
True,,UNSAT,layer_a_v01_regression,204001,True,UNSAT,A,"{""charge_parity"": 1, ""complemented_coordinates"": true, ""degree"": 3, ""edges"": 6, ""gate_encoding"": ""compact"", ""gate_relations"": 36, ""hidden_gate_basis"": [""and"", ""or"", ""not"", ""const""], ""layer"": ""A"", ""regression_only"": true, ""scope_boundaries_exposed"": false, ""semantic_labels_exposed"": false, ""target_emergent_language"": ""affine"", ""true_multigeneration_candidate"": true, ""vertices"": 4}",92,38,instances/separation_v0.2/layer_a_v01_regression.n4.s0.u.cnf,layer_a_v01_regression.n4.s0.u,0,4
True,,UNSAT,layer_b_heterogeneous_tseitin,204001,True,UNSAT,B,"{""charge_parity"": 1, ""gate_templates"": {""and_or_not"": 3, ""maj"": 1, ""mux"": 1, ""nand"": 3}, ""layer"": ""B"", ""max_initial_same_scope_clause_block"": 8, ""random_polarities"": true, ""scope_boundaries_exposed"": false, ""split_requires_multistep_join_project"": false, ""true_multigeneration_candidate"": true, ""vertices"": 4}",134,39,instances/separation_v0.2/layer_b_heterogeneous_tseitin.n4.s0.u.cnf,layer_b_heterogeneous_tseitin.n4.s0.u,0,4
True,,UNSAT,layer_c_heterogeneous_tseitin,204001,True,UNSAT,C,"{""charge_parity"": 1, ""gate_templates"": {""and_or_not"": 3, ""maj"": 1, ""mux"": 1, ""nand"": 3}, ""layer"": ""C"", ""max_initial_same_scope_clause_block"": 1, ""random_polarities"": true, ""scope_boundaries_exposed"": false, ""split_requires_multistep_join_project"": true, ""true_multigeneration_candidate"": true, ""vertices"": 4}",402,307,instances/separation_v0.2/layer_c_heterogeneous_tseitin.n4.s0.u.cnf,layer_c_heterogeneous_tseitin.n4.s0.u,0,4
True,True,UNSAT,layer_d_resolution_tseitin_reference,204001,True,UNSAT,D,"{""charge_parity"": 1, ""layer"": ""D"", ""random_reordered"": false, ""resolution_hard_reference"": true, ""true_multigeneration_candidate"": false, ""vertices"": 4}",16,6,instances/separation_v0.2/layer_d_resolution_tseitin_reference.n4.s0.u.cnf,layer_d_resolution_tseitin_reference.n4.s0.u,0,4
True,True,UNSAT,layer_d_random_reordered_parity,204001,True,UNSAT,D,"{""charge_parity"": 1, ""layer"": ""D"", ""random_reordered"": true, ""resolution_hard_reference"": true, ""true_multigeneration_candidate"": false, ""vertices"": 4}",16,6,instances/separation_v0.2/layer_d_random_reordered_parity.n4.s0.u.cnf,layer_d_random_reordered_parity.n4.s0.u,0,4
True,,SAT,layer_a_v01_regression,204002,True,SAT,A,"{""charge_parity"": 0, ""complemented_coordinates"": true, ""degree"": 3, ""edges"": 6, ""gate_encoding"": ""compact"", ""gate_relations"": 36, ""hidden_gate_basis"": [""and"", ""or"", ""not"", ""const""], ""layer"": ""A"", ""regression_only"": true, ""scope_boundaries_exposed"": false, ""semantic_labels_exposed"": false, ""target_emergent_language"": ""affine"", ""true_multigeneration_candidate"": true, ""vertices"": 4}",92,38,instances/separation_v0.2/layer_a_v01_regression.n4.s1.s.cnf,layer_a_v01_regression.n4.s1.s,1,4
True,,SAT,layer_b_heterogeneous_tseitin,204002,True,SAT,B,"{""charge_parity"": 0, ""gate_templates"": {""and_or_not"": 2, ""mux"": 1, ""nand"": 3, ""nor"": 2}, ""layer"": ""B"", ""max_initial_same_scope_clause_block"": 8, ""random_polarities"": true, ""scope_boundaries_exposed"": false, ""split_requires_multistep_join_project"": false, ""true_multigeneration_candidate"": true, ""vertices"": 4}",130,38,instances/separation_v0.2/layer_b_heterogeneous_tseitin.n4.s1.s.cnf,layer_b_heterogeneous_tseitin.n4.s1.s,1,4
True,,SAT,layer_c_heterogeneous_tseitin,204002,True,SAT,C,"{""charge_parity"": 0, ""gate_templates"": {""and_or_not"": 2, ""mux"": 1, ""nand"": 3, ""nor"": 2}, ""layer"": ""C"", ""max_initial_same_scope_clause_block"": 1, ""random_polarities"": true, ""scope_boundaries_exposed"": false, ""split_requires_multistep_join_project"": true, ""true_multigeneration_candidate"": true, ""vertices"": 4}",390,298,instances/separation_v0.2/layer_c_heterogeneous_tseitin.n4.s1.s.cnf,layer_c_heterogeneous_tseitin.n4.s1.s,1,4
True,True,SAT,layer_d_resolution_tseitin_reference,204002,True,SAT,D,"{""charge_parity"": 0, ""layer"": ""D"", ""random_reordered"": false, ""resolution_hard_reference"": true, ""true_multigeneration_candidate"": false, ""vertices"": 4}",16,6,instances/separation_v0.2/layer_d_resolution_tseitin_reference.n4.s1.s.cnf,layer_d_resolution_tseitin_reference.n4.s1.s,1,4
True,True,SAT,layer_d_random_reordered_parity,204002,True,SAT,D,"{""charge_parity"": 0, ""layer"": ""D"", ""random_reordered"": true, ""resolution_hard_reference"": true, ""true_multigeneration_candidate"": false, ""vertices"": 4}",16,6,instances/separation_v0.2/layer_d_random_reordered_parity.n4.s1.s.cnf,layer_d_random_reordered_parity.n4.s1.s,1,4
True,,UNSAT,layer_a_v01_regression,204003,True,UNSAT,A,"{""charge_parity"": 1, ""complemented_coordinates"": true, ""degree"": 3, ""edges"": 6, ""gate_encoding"": ""compact"", ""gate_relations"": 36, ""hidden_gate_basis"": [""and"", ""or"", ""not"", ""const""], ""layer"": ""A"", ""regression_only"": true, ""scope_boundaries_exposed"": false, ""semantic_labels_exposed"": false, ""target_emergent_language"": ""affine"", ""true_multigeneration_candidate"": true, ""vertices"": 4}",92,38,instances/separation_v0.2/layer_a_v01_regression.n4.s1.u.cnf,layer_a_v01_regression.n4.s1.u,1,4
True,,UNSAT,layer_b_heterogeneous_tseitin,204003,True,UNSAT,B,"{""charge_parity"": 1, ""gate_templates"": {""maj"": 1, ""mux"": 2, ""nand"": 5}, ""layer"": ""B"", ""max_initial_same_scope_clause_block"": 8, ""random_polarities"": true, ""scope_boundaries_exposed"": false, ""split_requires_multistep_join_project"": false, ""true_multigeneration_candidate"": true, ""vertices"": 4}",134,37,instances/separation_v0.2/layer_b_heterogeneous_tseitin.n4.s1.u.cnf,layer_b_heterogeneous_tseitin.n4.s1.u,1,4
True,,UNSAT,layer_c_heterogeneous_tseitin,204003,True,UNSAT,C,"{""charge_parity"": 1, ""gate_templates"": {""maj"": 1, ""mux"": 2, ""nand"": 5}, ""layer"": ""C"", ""max_initial_same_scope_clause_block"": 1, ""random_polarities"": true, ""scope_boundaries_exposed"": false, ""split_requires_multistep_join_project"": true, ""true_multigeneration_candidate"": true, ""vertices"": 4}",402,305,instances/separation_v0.2/layer_c_heterogeneous_tseitin.n4.s1.u.cnf,layer_c_heterogeneous_tseitin.n4.s1.u,1,4
True,True,UNSAT,layer_d_resolution_tseitin_reference,204003,True,UNSAT,D,"{""charge_parity"": 1, ""layer"": ""D"", ""random_reordered"": false, ""resolution_hard_reference"": true, ""true_multigeneration_candidate"": false, ""vertices"": 4}",16,6,instances/separation_v0.2/layer_d_resolution_tseitin_reference.n4.s1.u.cnf,layer_d_resolution_tseitin_reference.n4.s1.u,1,4
True,True,UNSAT,layer_d_random_reordered_parity,204003,True,UNSAT,D,"{""charge_parity"": 1, ""layer"": ""D"", ""random_reordered"": true, ""resolution_hard_reference"": true, ""true_multigeneration_candidate"": false, ""vertices"": 4}",16,6,instances/separation_v0.2/layer_d_random_reordered_parity.n4.s1.u.cnf,layer_d_random_reordered_parity.n4.s1.u,1,4
True,,SAT,layer_a_v01_regression,204004,True,SAT,A,"{""charge_parity"": 0, ""complemented_coordinates"": true, ""degree"": 3, ""edges"": 6, ""gate_encoding"": ""compact"", ""gate_relations"": 36, ""hidden_gate_basis"": [""and"", ""or"", ""not"", ""const""], ""layer"": ""A"", ""regression_only"": true, ""scope_boundaries_exposed"": false, ""semantic_labels_exposed"": false, ""target_emergent_language"": ""affine"", ""true_multigeneration_candidate"": true, ""vertices"": 4}",92,38,instances/separation_v0.2/layer_a_v01_regression.n4.s2.s.cnf,layer_a_v01_regression.n4.s2.s,2,4
True,,SAT,layer_b_heterogeneous_tseitin,204004,True,SAT,B,"{""charge_parity"": 0, ""gate_templates"": {""and_or_not"": 1, ""maj"": 1, ""mux"": 1, ""nand"": 1, ""nor"": 4}, ""layer"": ""B"", ""max_initial_same_scope_clause_block"": 8, ""random_polarities"": true, ""scope_boundaries_exposed"": false, ""split_requires_multistep_join_project"": false, ""true_multigeneration_candidate"": true, ""vertices"": 4}",154,43,instances/separation_v0.2/layer_b_heterogeneous_tseitin.n4.s2.s.cnf,layer_b_heterogeneous_tseitin.n4.s2.s,2,4
True,,SAT,layer_c_heterogeneous_tseitin,204004,True,SAT,C,"{""charge_parity"": 0, ""gate_templates"": {""and_or_not"": 1, ""maj"": 1, ""mux"": 1, ""nand"": 1, ""nor"": 4}, ""layer"": ""C"", ""max_initial_same_scope_clause_block"": 1, ""random_polarities"": true, ""scope_boundaries_exposed"": false, ""split_requires_multistep_join_project"": true, ""true_multigeneration_candidate"": true, ""vertices"": 4}",462,351,instances/separation_v0.2/layer_c_heterogeneous_tseitin.n4.s2.s.cnf,layer_c_heterogeneous_tseitin.n4.s2.s,2,4
True,True,SAT,layer_d_resolution_tseitin_reference,204004,True,SAT,D,"{""charge_parity"": 0, ""layer"": ""D"", ""random_reordered"": false, ""resolution_hard_reference"": true, ""true_multigeneration_candidate"": false, ""vertices"": 4}",16,6,instances/separation_v0.2/layer_d_resolution_tseitin_reference.n4.s2.s.cnf,layer_d_resolution_tseitin_reference.n4.s2.s,2,4
True,True,SAT,layer_d_random_reordered_parity,204004,True,SAT,D,"{""charge_parity"": 0, ""layer"": ""D"", ""random_reordered"": true, ""resolution_hard_reference"": true, ""true_multigeneration_candidate"": false, ""vertices"": 4}",16,6,instances/separation_v0.2/layer_d_random_reordered_parity.n4.s2.s.cnf,layer_d_random_reordered_parity.n4.s2.s,2,4
True,,UNSAT,layer_a_v01_regression,204005,True,UNSAT,A,"{""charge_parity"": 1, ""complemented_coordinates"": true, ""degree"": 3, ""edges"": 6, ""gate_encoding"": ""compact"", ""gate_relations"": 36, ""hidden_gate_basis"": [""and"", ""or"", ""not"", ""const""], ""layer"": ""A"", ""regression_only"": true, ""scope_boundaries_exposed"": false, ""semantic_labels_exposed"": false, ""target_emergent_language"": ""affine"", ""true_multigeneration_candidate"": true, ""vertices"": 4}",92,38,instances/separation_v0.2/layer_a_v01_regression.n4.s2.u.cnf,layer_a_v01_regression.n4.s2.u,2,4
True,,UNSAT,layer_b_heterogeneous_tseitin,204005,True,UNSAT,B,"{""charge_parity"": 1, ""gate_templates"": {""and_or_not"": 1, ""maj"": 1, ""mux"": 3, ""nand"": 1, ""nor"": 2}, ""layer"": ""B"", ""max_initial_same_scope_clause_block"": 8, ""random_polarities"": true, ""scope_boundaries_exposed"": false, ""split_requires_multistep_join_project"": false, ""true_multigeneration_candidate"": true, ""vertices"": 4}",134,37,instances/separation_v0.2/layer_b_heterogeneous_tseitin.n4.s2.u.cnf,layer_b_heterogeneous_tseitin.n4.s2.u,2,4
True,,UNSAT,layer_c_heterogeneous_tseitin,204005,True,UNSAT,C,"{""charge_parity"": 1, ""gate_templates"": {""and_or_not"": 1, ""maj"": 1, ""mux"": 3, ""nand"": 1, ""nor"": 2}, ""layer"": ""C"", ""max_initial_same_scope_clause_block"": 1, ""random_polarities"": true, ""scope_boundaries_exposed"": false, ""split_requires_multistep_join_project"": true, ""true_multigeneration_candidate"": true, ""vertices"": 4}",402,305,instances/separation_v0.2/layer_c_heterogeneous_tseitin.n4.s2.u.cnf,layer_c_heterogeneous_tseitin.n4.s2.u,2,4
True,True,UNSAT,layer_d_resolution_tseitin_reference,204005,True,UNSAT,D,"{""charge_parity"": 1, ""layer"": ""D"", ""random_reordered"": false, ""resolution_hard_reference"": true, ""true_multigeneration_candidate"": false, ""vertices"": 4}",16,6,instances/separation_v0.2/layer_d_resolution_tseitin_reference.n4.s2.u.cnf,layer_d_resolution_tseitin_reference.n4.s2.u,2,4
True,True,UNSAT,layer_d_random_reordered_parity,204005,True,UNSAT,D,"{""charge_parity"": 1, ""layer"": ""D"", ""random_reordered"": true, ""resolution_hard_reference"": true, ""true_multigeneration_candidate"": false, ""vertices"": 4}",16,6,instances/separation_v0.2/layer_d_random_reordered_parity.n4.s2.u.cnf,layer_d_random_reordered_parity.n4.s2.u,2,4
True,,SAT,layer_a_v01_regression,204006,True,SAT,A,"{""charge_parity"": 0, ""complemented_coordinates"": true, ""degree"": 3, ""edges"": 6, ""gate_encoding"": ""compact"", ""gate_relations"": 36, ""hidden_gate_basis"": [""and"", ""or"", ""not"", ""const""], ""layer"": ""A"", ""regression_only"": true, ""scope_boundaries_exposed"": false, ""semantic_labels_exposed"": false, ""target_emergent_language"": ""affine"", ""true_multigeneration_candidate"": true, ""vertices"": 4}",92,38,instances/separation_v0.2/layer_a_v01_regression.n4.s3.s.cnf,layer_a_v01_regression.n4.s3.s,3,4
True,,SAT,layer_b_heterogeneous_tseitin,204006,True,SAT,B,"{""charge_parity"": 0, ""gate_templates"": {""maj"": 3, ""nand"": 4, ""nor"": 1}, ""layer"": ""B"", ""max_initial_same_scope_clause_block"": 8, ""random_polarities"": true, ""scope_boundaries_exposed"": false, ""split_requires_multistep_join_project"": false, ""true_multigeneration_candidate"": true, ""vertices"": 4}",178,48,instances/separation_v0.2/layer_b_heterogeneous_tseitin.n4.s3.s.cnf,layer_b_heterogeneous_tseitin.n4.s3.s,3,4
True,,SAT,layer_c_heterogeneous_tseitin,204006,True,SAT,C,"{""charge_parity"": 0, ""gate_templates"": {""maj"": 3, ""nand"": 4, ""nor"": 1}, ""layer"": ""C"", ""max_initial_same_scope_clause_block"": 1, ""random_polarities"": true, ""scope_boundaries_exposed"": false, ""split_requires_multistep_join_project"": true, ""true_multigeneration_candidate"": true, ""vertices"": 4}",534,404,instances/separation_v0.2/layer_c_heterogeneous_tseitin.n4.s3.s.cnf,layer_c_heterogeneous_tseitin.n4.s3.s,3,4
True,True,SAT,layer_d_resolution_tseitin_reference,204006,True,SAT,D,"{""charge_parity"": 0, ""layer"": ""D"", ""random_reordered"": false, ""resolution_hard_reference"": true, ""true_multigeneration_candidate"": false, ""vertices"": 4}",16,6,instances/separation_v0.2/layer_d_resolution_tseitin_reference.n4.s3.s.cnf,layer_d_resolution_tseitin_reference.n4.s3.s,3,4
True,True,SAT,layer_d_random_reordered_parity,204006,True,SAT,D,"{""charge_parity"": 0, ""layer"": ""D"", ""random_reordered"": true, ""resolution_hard_reference"": true, ""true_multigeneration_candidate"": false, ""vertices"": 4}",16,6,instances/separation_v0.2/layer_d_random_reordered_parity.n4.s3.s.cnf,layer_d_random_reordered_parity.n4.s3.s,3,4
True,,UNSAT,layer_a_v01_regression,204007,True,UNSAT,A,"{""charge_parity"": 1, ""complemented_coordinates"": true, ""degree"": 3, ""edges"": 6, ""gate_encoding"": ""compact"", ""gate_relations"": 36, ""hidden_gate_basis"": [""and"", ""or"", ""not"", ""const""], ""layer"": ""A"", ""regression_only"": true, ""scope_boundaries_exposed"": false, ""semantic_labels_exposed"": false, ""target_emergent_language"": ""affine"", ""true_multigeneration_candidate"": true, ""vertices"": 4}",92,38,instances/separation_v0.2/layer_a_v01_regression.n4.s3.u.cnf,layer_a_v01_regression.n4.s3.u,3,4
True,,UNSAT,layer_b_heterogeneous_tseitin,204007,True,UNSAT,B,"{""charge_parity"": 1, ""gate_templates"": {""and_or_not"": 1, ""maj"": 2, ""mux"": 2, ""nand"": 3}, ""layer"": ""B"", ""max_initial_same_scope_clause_block"": 8, ""random_polarities"": true, ""scope_boundaries_exposed"": false, ""split_requires_multistep_join_project"": false, ""true_multigeneration_candidate"": true, ""vertices"": 4}",146,40,instances/separation_v0.2/layer_b_heterogeneous_tseitin.n4.s3.u.cnf,layer_b_heterogeneous_tseitin.n4.s3.u,3,4
True,,UNSAT,layer_c_heterogeneous_tseitin,204007,True,UNSAT,C,"{""charge_parity"": 1, ""gate_templates"": {""and_or_not"": 1, ""maj"": 2, ""mux"": 2, ""nand"": 3}, ""layer"": ""C"", ""max_initial_same_scope_clause_block"": 1, ""random_polarities"": true, ""scope_boundaries_exposed"": false, ""split_requires_multistep_join_project"": true, ""true_multigeneration_candidate"": true, ""vertices"": 4}",438,332,instances/separation_v0.2/layer_c_heterogeneous_tseitin.n4.s3.u.cnf,layer_c_heterogeneous_tseitin.n4.s3.u,3,4
True,True,UNSAT,layer_d_resolution_tseitin_reference,204007,True,UNSAT,D,"{""charge_parity"": 1, ""layer"": ""D"", ""random_reordered"": false, ""resolution_hard_reference"": true, ""true_multigeneration_candidate"": false, ""vertices"": 4}",16,6,instances/separation_v0.2/layer_d_resolution_tseitin_reference.n4.s3.u.cnf,layer_d_resolution_tseitin_reference.n4.s3.u,3,4
True,True,UNSAT,layer_d_random_reordered_parity,204007,True,UNSAT,D,"{""charge_parity"": 1, ""layer"": ""D"", ""random_reordered"": true, ""resolution_hard_reference"": true, ""true_multigeneration_candidate"": false, ""vertices"": 4}",16,6,instances/separation_v0.2/layer_d_random_reordered_parity.n4.s3.u.cnf,layer_d_random_reordered_parity.n4.s3.u,3,4
True,,SAT,layer_a_v01_regression,204008,True,SAT,A,"{""charge_parity"": 0, ""complemented_coordinates"": true, ""degree"": 3, ""edges"": 6, ""gate_encoding"": ""compact"", ""gate_relations"": 36, ""hidden_gate_basis"": [""and"", ""or"", ""not"", ""const""], ""layer"": ""A"", ""regression_only"": true, ""scope_boundaries_exposed"": false, ""semantic_labels_exposed"": false, ""target_emergent_language"": ""affine"", ""true_multigeneration_candidate"": true, ""vertices"": 4}",92,38,instances/separation_v0.2/layer_a_v01_regression.n4.s4.s.cnf,layer_a_v01_regression.n4.s4.s,4,4
True,,SAT,layer_b_heterogeneous_tseitin,204008,True,SAT,B,"{""charge_parity"": 0, ""gate_templates"": {""and_or_not"": 1, ""maj"": 2, ""mux"": 2, ""nand"": 2, ""nor"": 1}, ""layer"": ""B"", ""max_initial_same_scope_clause_block"": 8, ""random_polarities"": true, ""scope_boundaries_exposed"": false, ""split_requires_multistep_join_project"": false, ""true_multigeneration_candidate"": true, ""vertices"": 4}",150,41,instances/separation_v0.2/layer_b_heterogeneous_tseitin.n4.s4.s.cnf,layer_b_heterogeneous_tseitin.n4.s4.s,4,4
True,,SAT,layer_c_heterogeneous_tseitin,204008,True,SAT,C,"{""charge_parity"": 0, ""gate_templates"": {""and_or_not"": 1, ""maj"": 2, ""mux"": 2, ""nand"": 2, ""nor"": 1}, ""layer"": ""C"", ""max_initial_same_scope_clause_block"": 1, ""random_polarities"": true, ""scope_boundaries_exposed"": false, ""split_requires_multistep_join_project"": true, ""true_multigeneration_candidate"": true, ""vertices"": 4}",450,341,instances/separation_v0.2/layer_c_heterogeneous_tseitin.n4.s4.s.cnf,layer_c_heterogeneous_tseitin.n4.s4.s,4,4
True,True,SAT,layer_d_resolution_tseitin_reference,204008,True,SAT,D,"{""charge_parity"": 0, ""layer"": ""D"", ""random_reordered"": false, ""resolution_hard_reference"": true, ""true_multigeneration_candidate"": false, ""vertices"": 4}",16,6,instances/separation_v0.2/layer_d_resolution_tseitin_reference.n4.s4.s.cnf,layer_d_resolution_tseitin_reference.n4.s4.s,4,4
True,True,SAT,layer_d_random_reordered_parity,204008,True,SAT,D,"{""charge_parity"": 0, ""layer"": ""D"", ""random_reordered"": true, ""resolution_hard_reference"": true, ""true_multigeneration_candidate"": false, ""vertices"": 4}",16,6,instances/separation_v0.2/layer_d_random_reordered_parity.n4.s4.s.cnf,layer_d_random_reordered_parity.n4.s4.s,4,4
True,,UNSAT,layer_a_v01_regression,204009,True,UNSAT,A,"{""charge_parity"": 1, ""complemented_coordinates"": true, ""degree"": 3, ""edges"": 6, ""gate_encoding"": ""compact"", ""gate_relations"": 36, ""hidden_gate_basis"": [""and"", ""or"", ""not"", ""const""], ""layer"": ""A"", ""regression_only"": true, ""scope_boundaries_exposed"": false, ""semantic_labels_exposed"": false, ""target_emergent_language"": ""affine"", ""true_multigeneration_candidate"": true, ""vertices"": 4}",92,38,instances/separation_v0.2/layer_a_v01_regression.n4.s4.u.cnf,layer_a_v01_regression.n4.s4.u,4,4
True,,UNSAT,layer_b_heterogeneous_tseitin,204009,True,UNSAT,B,"{""charge_parity"": 1, ""gate_templates"": {""and_or_not"": 2, ""maj"": 1, ""mux"": 1, ""nand"": 2, ""nor"": 2}, ""layer"": ""B"", ""max_initial_same_scope_clause_block"": 8, ""random_polarities"": true, ""scope_boundaries_exposed"": false, ""split_requires_multistep_join_project"": false, ""true_multigeneration_candidate"": true, ""vertices"": 4}",144,41,instances/separation_v0.2/layer_b_heterogeneous_tseitin.n4.s4.u.cnf,layer_b_heterogeneous_tseitin.n4.s4.u,4,4
True,,UNSAT,layer_c_heterogeneous_tseitin,204009,True,UNSAT,C,"{""charge_parity"": 1, ""gate_templates"": {""and_or_not"": 2, ""maj"": 1, ""mux"": 1, ""nand"": 2, ""nor"": 2}, ""layer"": ""C"", ""max_initial_same_scope_clause_block"": 1, ""random_polarities"": true, ""scope_boundaries_exposed"": false, ""split_requires_multistep_join_project"": true, ""true_multigeneration_candidate"": true, ""vertices"": 4}",432,329,instances/separation_v0.2/layer_c_heterogeneous_tseitin.n4.s4.u.cnf,layer_c_heterogeneous_tseitin.n4.s4.u,4,4
True,True,UNSAT,layer_d_resolution_tseitin_reference,204009,True,UNSAT,D,"{""charge_parity"": 1, ""layer"": ""D"", ""random_reordered"": false, ""resolution_hard_reference"": true, ""true_multigeneration_candidate"": false, ""vertices"": 4}",16,6,instances/separation_v0.2/layer_d_resolution_tseitin_reference.n4.s4.u.cnf,layer_d_resolution_tseitin_reference.n4.s4.u,4,4
True,True,UNSAT,layer_d_random_reordered_parity,204009,True,UNSAT,D,"{""charge_parity"": 1, ""layer"": ""D"", ""random_reordered"": true, ""resolution_hard_reference"": true, ""true_multigeneration_candidate"": false, ""vertices"": 4}",16,6,instances/separation_v0.2/layer_d_random_reordered_parity.n4.s4.u.cnf,layer_d_random_reordered_parity.n4.s4.u,4,4
True,,SAT,layer_a_v01_regression,204010,True,SAT,A,"{""charge_parity"": 0, ""complemented_coordinates"": true, ""degree"": 3, ""edges"": 6, ""gate_encoding"": ""compact"", ""gate_relations"": 36, ""hidden_gate_basis"": [""and"", ""or"", ""not"", ""const""], ""layer"": ""A"", ""regression_only"": true, ""scope_boundaries_exposed"": false, ""semantic_labels_exposed"": false, ""target_emergent_language"": ""affine"", ""true_multigeneration_candidate"": true, ""vertices"": 4}",92,38,instances/separation_v0.2/layer_a_v01_regression.n4.s5.s.cnf,layer_a_v01_regression.n4.s5.s,5,4
True,,SAT,layer_b_heterogeneous_tseitin,204010,True,SAT,B,"{""charge_parity"": 0, ""gate_templates"": {""and_or_not"": 1, ""mux"": 2, ""nand"": 3, ""nor"": 2}, ""layer"": ""B"", ""max_initial_same_scope_clause_block"": 8, ""random_polarities"": true, ""scope_boundaries_exposed"": false, ""split_requires_multistep_join_project"": false, ""true_multigeneration_candidate"": true, ""vertices"": 4}",126,36,instances/separation_v0.2/layer_b_heterogeneous_tseitin.n4.s5.s.cnf,layer_b_heterogeneous_tseitin.n4.s5.s,5,4
True,,SAT,layer_c_heterogeneous_tseitin,204010,True,SAT,C,"{""charge_parity"": 0, ""gate_templates"": {""and_or_not"": 1, ""mux"": 2, ""nand"": 3, ""nor"": 2}, ""layer"": ""C"", ""max_initial_same_scope_clause_block"": 1, ""random_polarities"": true, ""scope_boundaries_exposed"": false, ""split_requires_multistep_join_project"": true, ""true_multigeneration_candidate"": true, ""vertices"": 4}",378,288,instances/separation_v0.2/layer_c_heterogeneous_tseitin.n4.s5.s.cnf,layer_c_heterogeneous_tseitin.n4.s5.s,5,4
True,True,SAT,layer_d_resolution_tseitin_reference,204010,True,SAT,D,"{""charge_parity"": 0, ""layer"": ""D"", ""random_reordered"": false, ""resolution_hard_reference"": true, ""true_multigeneration_candidate"": false, ""vertices"": 4}",16,6,instances/separation_v0.2/layer_d_resolution_tseitin_reference.n4.s5.s.cnf,layer_d_resolution_tseitin_reference.n4.s5.s,5,4
True,True,SAT,layer_d_random_reordered_parity,204010,True,SAT,D,"{""charge_parity"": 0, ""layer"": ""D"", ""random_reordered"": true, ""resolution_hard_reference"": true, ""true_multigeneration_candidate"": false, ""vertices"": 4}",16,6,instances/separation_v0.2/layer_d_random_reordered_parity.n4.s5.s.cnf,layer_d_random_reordered_parity.n4.s5.s,5,4
True,,UNSAT,layer_a_v01_regression,204011,True,UNSAT,A,"{""charge_parity"": 1, ""complemented_coordinates"": true, ""degree"": 3, ""edges"": 6, ""gate_encoding"": ""compact"", ""gate_relations"": 36, ""hidden_gate_basis"": [""and"", ""or"", ""not"", ""const""], ""layer"": ""A"", ""regression_only"": true, ""scope_boundaries_exposed"": false, ""semantic_labels_exposed"": false, ""target_emergent_language"": ""affine"", ""true_multigeneration_candidate"": true, ""vertices"": 4}",92,38,instances/separation_v0.2/layer_a_v01_regression.n4.s5.u.cnf,layer_a_v01_regression.n4.s5.u,5,4
True,,UNSAT,layer_b_heterogeneous_tseitin,204011,True,UNSAT,B,"{""charge_parity"": 1, ""gate_templates"": {""and_or_not"": 3, ""maj"": 3, ""nand"": 1, ""nor"": 1}, ""layer"": ""B"", ""max_initial_same_scope_clause_block"": 8, ""random_polarities"": true, ""scope_boundaries_exposed"": false, ""split_requires_multistep_join_project"": false, ""true_multigeneration_candidate"": true, ""vertices"": 4}",172,48,instances/separation_v0.2/layer_b_heterogeneous_tseitin.n4.s5.u.cnf,layer_b_heterogeneous_tseitin.n4.s5.u,5,4
True,,UNSAT,layer_c_heterogeneous_tseitin,204011,True,UNSAT,C,"{""charge_parity"": 1, ""gate_templates"": {""and_or_not"": 3, ""maj"": 3, ""nand"": 1, ""nor"": 1}, ""layer"": ""C"", ""max_initial_same_scope_clause_block"": 1, ""random_polarities"": true, ""scope_boundaries_exposed"": false, ""split_requires_multistep_join_project"": true, ""true_multigeneration_candidate"": true, ""vertices"": 4}",516,392,instances/separation_v0.2/layer_c_heterogeneous_tseitin.n4.s5.u.cnf,layer_c_heterogeneous_tseitin.n4.s5.u,5,4
True,True,UNSAT,layer_d_resolution_tseitin_reference,204011,True,UNSAT,D,"{""charge_parity"": 1, ""layer"": ""D"", ""random_reordered"": false, ""resolution_hard_reference"": true, ""true_multigeneration_candidate"": false, ""vertices"": 4}",16,6,instances/separation_v0.2/layer_d_resolution_tseitin_reference.n4.s5.u.cnf,layer_d_resolution_tseitin_reference.n4.s5.u,5,4
True,True,UNSAT,layer_d_random_reordered_parity,204011,True,UNSAT,D,"{""charge_parity"": 1, ""layer"": ""D"", ""random_reordered"": true, ""resolution_hard_reference"": true, ""true_multigeneration_candidate"": false, ""vertices"": 4}",16,6,instances/separation_v0.2/layer_d_random_reordered_parity.n4.s5.u.cnf,layer_d_random_reordered_parity.n4.s5.u,5,4
True,,SAT,layer_a_v01_regression,204012,True,SAT,A,"{""charge_parity"": 0, ""complemented_coordinates"": true, ""degree"": 3, ""edges"": 6, ""gate_encoding"": ""compact"", ""gate_relations"": 36, ""hidden_gate_basis"": [""and"", ""or"", ""not"", ""const""], ""layer"": ""A"", ""regression_only"": true, ""scope_boundaries_exposed"": false, ""semantic_labels_exposed"": false, ""target_emergent_language"": ""affine"", ""true_multigeneration_candidate"": true, ""vertices"": 4}",92,38,instances/separation_v0.2/layer_a_v01_regression.n4.s6.s.cnf,layer_a_v01_regression.n4.s6.s,6,4
True,,SAT,layer_b_heterogeneous_tseitin,204012,True,SAT,B,"{""charge_parity"": 0, ""gate_templates"": {""and_or_not"": 2, ""maj"": 1, ""mux"": 2, ""nand"": 3}, ""layer"": ""B"", ""max_initial_same_scope_clause_block"": 8, ""random_polarities"": true, ""scope_boundaries_exposed"": false, ""split_requires_multistep_join_project"": false, ""true_multigeneration_candidate"": true, ""vertices"": 4}",130,37,instances/separation_v0.2/layer_b_heterogeneous_tseitin.n4.s6.s.cnf,layer_b_heterogeneous_tseitin.n4.s6.s,6,4
True,,SAT,layer_c_heterogeneous_tseitin,204012,True,SAT,C,"{""charge_parity"": 0, ""gate_templates"": {""and_or_not"": 2, ""maj"": 1, ""mux"": 2, ""nand"": 3}, ""layer"": ""C"", ""max_initial_same_scope_clause_block"": 1, ""random_polarities"": true, ""scope_boundaries_exposed"": false, ""split_requires_multistep_join_project"": true, ""true_multigeneration_candidate"": true, ""vertices"": 4}",390,297,instances/separation_v0.2/layer_c_heterogeneous_tseitin.n4.s6.s.cnf,layer_c_heterogeneous_tseitin.n4.s6.s,6,4
True,True,SAT,layer_d_resolution_tseitin_reference,204012,True,SAT,D,"{""charge_parity"": 0, ""layer"": ""D"", ""random_reordered"": false, ""resolution_hard_reference"": true, ""true_multigeneration_candidate"": false, ""vertices"": 4}",16,6,instances/separation_v0.2/layer_d_resolution_tseitin_reference.n4.s6.s.cnf,layer_d_resolution_tseitin_reference.n4.s6.s,6,4
True,True,SAT,layer_d_random_reordered_parity,204012,True,SAT,D,"{""charge_parity"": 0, ""layer"": ""D"", ""random_reordered"": true, ""resolution_hard_reference"": true, ""true_multigeneration_candidate"": false, ""vertices"": 4}",16,6,instances/separation_v0.2/layer_d_random_reordered_parity.n4.s6.s.cnf,layer_d_random_reordered_parity.n4.s6.s,6,4
True,,UNSAT,layer_a_v01_regression,204013,True,UNSAT,A,"{""charge_parity"": 1, ""complemented_coordinates"": true, ""degree"": 3, ""edges"": 6, ""gate_encoding"": ""compact"", ""gate_relations"": 36, ""hidden_gate_basis"": [""and"", ""or"", ""not"", ""const""], ""layer"": ""A"", ""regression_only"": true, ""scope_boundaries_exposed"": false, ""semantic_labels_exposed"": false, ""target_emergent_language"": ""affine"", ""true_multigeneration_candidate"": true, ""vertices"": 4}",92,38,instances/separation_v0.2/layer_a_v01_regression.n4.s6.u.cnf,layer_a_v01_regression.n4.s6.u,6,4
True,,UNSAT,layer_b_heterogeneous_tseitin,204013,True,UNSAT,B,"{""charge_parity"": 1, ""gate_templates"": {""and_or_not"": 1, ""mux"": 1, ""nand"": 3, ""nor"": 3}, ""layer"": ""B"", ""max_initial_same_scope_clause_block"": 8, ""random_polarities"": true, ""scope_boundaries_exposed"": false, ""split_requires_multistep_join_project"": false, ""true_multigeneration_candidate"": true, ""vertices"": 4}",136,39,instances/separation_v0.2/layer_b_heterogeneous_tseitin.n4.s6.u.cnf,layer_b_heterogeneous_tseitin.n4.s6.u,6,4
True,,UNSAT,layer_c_heterogeneous_tseitin,204013,True,UNSAT,C,"{""charge_parity"": 1, ""gate_templates"": {""and_or_not"": 1, ""mux"": 1, ""nand"": 3, ""nor"": 3}, ""layer"": ""C"", ""max_initial_same_scope_clause_block"": 1, ""random_polarities"": true, ""scope_boundaries_exposed"": false, ""split_requires_multistep_join_project"": true, ""true_multigeneration_candidate"": true, ""vertices"": 4}",408,311,instances/separation_v0.2/layer_c_heterogeneous_tseitin.n4.s6.u.cnf,layer_c_heterogeneous_tseitin.n4.s6.u,6,4
True,True,UNSAT,layer_d_resolution_tseitin_reference,204013,True,UNSAT,D,"{""charge_parity"": 1, ""layer"": ""D"", ""random_reordered"": false, ""resolution_hard_reference"": true, ""true_multigeneration_candidate"": false, ""vertices"": 4}",16,6,instances/separation_v0.2/layer_d_resolution_tseitin_reference.n4.s6.u.cnf,layer_d_resolution_tseitin_reference.n4.s6.u,6,4
True,True,UNSAT,layer_d_random_reordered_parity,204013,True,UNSAT,D,"{""charge_parity"": 1, ""layer"": ""D"", ""random_reordered"": true, ""resolution_hard_reference"": true, ""true_multigeneration_candidate"": false, ""vertices"": 4}",16,6,instances/separation_v0.2/layer_d_random_reordered_parity.n4.s6.u.cnf,layer_d_random_reordered_parity.n4.s6.u,6,4
True,,SAT,layer_a_v01_regression,204014,True,SAT,A,"{""charge_parity"": 0, ""complemented_coordinates"": true, ""degree"": 3, ""edges"": 6, ""gate_encoding"": ""compact"", ""gate_relations"": 36, ""hidden_gate_basis"": [""and"", ""or"", ""not"", ""const""], ""layer"": ""A"", ""regression_only"": true, ""scope_boundaries_exposed"": false, ""semantic_labels_exposed"": false, ""target_emergent_language"": ""affine"", ""true_multigeneration_candidate"": true, ""vertices"": 4}",92,38,instances/separation_v0.2/layer_a_v01_regression.n4.s7.s.cnf,layer_a_v01_regression.n4.s7.s,7,4
True,,SAT,layer_b_heterogeneous_tseitin,204014,True,SAT,B,"{""charge_parity"": 0, ""gate_templates"": {""and_or_not"": 2, ""maj"": 2, ""mux"": 2, ""nor"": 2}, ""layer"": ""B"", ""max_initial_same_scope_clause_block"": 8, ""random_polarities"": true, ""scope_boundaries_exposed"": false, ""split_requires_multistep_join_project"": false, ""true_multigeneration_candidate"": true, ""vertices"": 4}",152,42,instances/separation_v0.2/layer_b_heterogeneous_tseitin.n4.s7.s.cnf,layer_b_heterogeneous_tseitin.n4.s7.s,7,4
True,,SAT,layer_c_heterogeneous_tseitin,204014,True,SAT,C,"{""charge_parity"": 0, ""gate_templates"": {""and_or_not"": 2, ""maj"": 2, ""mux"": 2, ""nor"": 2}, ""layer"": ""C"", ""max_initial_same_scope_clause_block"": 1, ""random_polarities"": true, ""scope_boundaries_exposed"": false, ""split_requires_multistep_join_project"": true, ""true_multigeneration_candidate"": true, ""vertices"": 4}",456,346,instances/separation_v0.2/layer_c_heterogeneous_tseitin.n4.s7.s.cnf,layer_c_heterogeneous_tseitin.n4.s7.s,7,4
True,True,SAT,layer_d_resolution_tseitin_reference,204014,True,SAT,D,"{""charge_parity"": 0, ""layer"": ""D"", ""random_reordered"": false, ""resolution_hard_reference"": true, ""true_multigeneration_candidate"": false, ""vertices"": 4}",16,6,instances/separation_v0.2/layer_d_resolution_tseitin_reference.n4.s7.s.cnf,layer_d_resolution_tseitin_reference.n4.s7.s,7,4
True,True,SAT,layer_d_random_reordered_parity,204014,True,SAT,D,"{""charge_parity"": 0, ""layer"": ""D"", ""random_reordered"": true, ""resolution_hard_reference"": true, ""true_multigeneration_candidate"": false, ""vertices"": 4}",16,6,instances/separation_v0.2/layer_d_random_reordered_parity.n4.s7.s.cnf,layer_d_random_reordered_parity.n4.s7.s,7,4
True,,UNSAT,layer_a_v01_regression,204015,True,UNSAT,A,"{""charge_parity"": 1, ""complemented_coordinates"": true, ""degree"": 3, ""edges"": 6, ""gate_encoding"": ""compact"", ""gate_relations"": 36, ""hidden_gate_basis"": [""and"", ""or"", ""not"", ""const""], ""layer"": ""A"", ""regression_only"": true, ""scope_boundaries_exposed"": false, ""semantic_labels_exposed"": false, ""target_emergent_language"": ""affine"", ""true_multigeneration_candidate"": true, ""vertices"": 4}",92,38,instances/separation_v0.2/layer_a_v01_regression.n4.s7.u.cnf,layer_a_v01_regression.n4.s7.u,7,4
True,,UNSAT,layer_b_heterogeneous_tseitin,204015,True,UNSAT,B,"{""charge_parity"": 1, ""gate_templates"": {""and_or_not"": 4, ""maj"": 2, ""mux"": 1, ""nor"": 1}, ""layer"": ""B"", ""max_initial_same_scope_clause_block"": 8, ""random_polarities"": true, ""scope_boundaries_exposed"": false, ""split_requires_multistep_join_project"": false, ""true_multigeneration_candidate"": true, ""vertices"": 4}",150,43,instances/separation_v0.2/layer_b_heterogeneous_tseitin.n4.s7.u.cnf,layer_b_heterogeneous_tseitin.n4.s7.u,7,4
True,,UNSAT,layer_c_heterogeneous_tseitin,204015,True,UNSAT,C,"{""charge_parity"": 1, ""gate_templates"": {""and_or_not"": 4, ""maj"": 2, ""mux"": 1, ""nor"": 1}, ""layer"": ""C"", ""max_initial_same_scope_clause_block"": 1, ""random_polarities"": true, ""scope_boundaries_exposed"": false, ""split_requires_multistep_join_project"": true, ""true_multigeneration_candidate"": true, ""vertices"": 4}",450,343,instances/separation_v0.2/layer_c_heterogeneous_tseitin.n4.s7.u.cnf,layer_c_heterogeneous_tseitin.n4.s7.u,7,4
True,True,UNSAT,layer_d_resolution_tseitin_reference,204015,True,UNSAT,D,"{""charge_parity"": 1, ""layer"": ""D"", ""random_reordered"": false, ""resolution_hard_reference"": true, ""true_multigeneration_candidate"": false, ""vertices"": 4}",16,6,instances/separation_v0.2/layer_d_resolution_tseitin_reference.n4.s7.u.cnf,layer_d_resolution_tseitin_reference.n4.s7.u,7,4
True,True,UNSAT,layer_d_random_reordered_parity,204015,True,UNSAT,D,"{""charge_parity"": 1, ""layer"": ""D"", ""random_reordered"": true, ""resolution_hard_reference"": true, ""true_multigeneration_candidate"": false, ""vertices"": 4}",16,6,instances/separation_v0.2/layer_d_random_reordered_parity.n4.s7.u.cnf,layer_d_random_reordered_parity.n4.s7.u,7,4
True,,SAT,layer_a_v01_regression,204016,True,SAT,A,"{""charge_parity"": 0, ""complemented_coordinates"": true, ""degree"": 3, ""edges"": 6, ""gate_encoding"": ""compact"", ""gate_relations"": 36, ""hidden_gate_basis"": [""and"", ""or"", ""not"", ""const""], ""layer"": ""A"", ""regression_only"": true, ""scope_boundaries_exposed"": false, ""semantic_labels_exposed"": false, ""target_emergent_language"": ""affine"", ""true_multigeneration_candidate"": true, ""vertices"": 4}",92,38,instances/separation_v0.2/layer_a_v01_regression.n4.s8.s.cnf,layer_a_v01_regression.n4.s8.s,8,4
True,,SAT,layer_b_heterogeneous_tseitin,204016,True,SAT,B,"{""charge_parity"": 0, ""gate_templates"": {""maj"": 1, ""mux"": 3, ""nand"": 1, ""nor"": 3}, ""layer"": ""B"", ""max_initial_same_scope_clause_block"": 8, ""random_polarities"": true, ""scope_boundaries_exposed"": false, ""split_requires_multistep_join_project"": false, ""true_multigeneration_candidate"": true, ""vertices"": 4}",140,38,instances/separation_v0.2/layer_b_heterogeneous_tseitin.n4.s8.s.cnf,layer_b_heterogeneous_tseitin.n4.s8.s,8,4
True,,SAT,layer_c_heterogeneous_tseitin,204016,True,SAT,C,"{""charge_parity"": 0, ""gate_templates"": {""maj"": 1, ""mux"": 3, ""nand"": 1, ""nor"": 3}, ""layer"": ""C"", ""max_initial_same_scope_clause_block"": 1, ""random_polarities"": true, ""scope_boundaries_exposed"": false, ""split_requires_multistep_join_project"": true, ""true_multigeneration_candidate"": true, ""vertices"": 4}",420,318,instances/separation_v0.2/layer_c_heterogeneous_tseitin.n4.s8.s.cnf,layer_c_heterogeneous_tseitin.n4.s8.s,8,4
True,True,SAT,layer_d_resolution_tseitin_reference,204016,True,SAT,D,"{""charge_parity"": 0, ""layer"": ""D"", ""random_reordered"": false, ""resolution_hard_reference"": true, ""true_multigeneration_candidate"": false, ""vertices"": 4}",16,6,instances/separation_v0.2/layer_d_resolution_tseitin_reference.n4.s8.s.cnf,layer_d_resolution_tseitin_reference.n4.s8.s,8,4
True,True,SAT,layer_d_random_reordered_parity,204016,True,SAT,D,"{""charge_parity"": 0, ""layer"": ""D"", ""random_reordered"": true, ""resolution_hard_reference"": true, ""true_multigeneration_candidate"": false, ""vertices"": 4}",16,6,instances/separation_v0.2/layer_d_random_reordered_parity.n4.s8.s.cnf,layer_d_random_reordered_parity.n4.s8.s,8,4
True,,UNSAT,layer_a_v01_regression,204017,True,UNSAT,A,"{""charge_parity"": 1, ""complemented_coordinates"": true, ""degree"": 3, ""edges"": 6, ""gate_encoding"": ""compact"", ""gate_relations"": 36, ""hidden_gate_basis"": [""and"", ""or"", ""not"", ""const""], ""layer"": ""A"", ""regression_only"": true, ""scope_boundaries_exposed"": false, ""semantic_labels_exposed"": false, ""target_emergent_language"": ""affine"", ""true_multigeneration_candidate"": true, ""vertices"": 4}",92,38,instances/separation_v0.2/layer_a_v01_regression.n4.s8.u.cnf,layer_a_v01_regression.n4.s8.u,8,4
True,,UNSAT,layer_b_heterogeneous_tseitin,204017,True,UNSAT,B,"{""charge_parity"": 1, ""gate_templates"": {""and_or_not"": 1, ""maj"": 2, ""mux"": 2, ""nand"": 1, ""nor"": 2}, ""layer"": ""B"", ""max_initial_same_scope_clause_block"": 8, ""random_polarities"": true, ""scope_boundaries_exposed"": false, ""split_requires_multistep_join_project"": false, ""true_multigeneration_candidate"": true, ""vertices"": 4}",154,42,instances/separation_v0.2/layer_b_heterogeneous_tseitin.n4.s8.u.cnf,layer_b_heterogeneous_tseitin.n4.s8.u,8,4
True,,UNSAT,layer_c_heterogeneous_tseitin,204017,True,UNSAT,C,"{""charge_parity"": 1, ""gate_templates"": {""and_or_not"": 1, ""maj"": 2, ""mux"": 2, ""nand"": 1, ""nor"": 2}, ""layer"": ""C"", ""max_initial_same_scope_clause_block"": 1, ""random_polarities"": true, ""scope_boundaries_exposed"": false, ""split_requires_multistep_join_project"": true, ""true_multigeneration_candidate"": true, ""vertices"": 4}",462,350,instances/separation_v0.2/layer_c_heterogeneous_tseitin.n4.s8.u.cnf,layer_c_heterogeneous_tseitin.n4.s8.u,8,4
True,True,UNSAT,layer_d_resolution_tseitin_reference,204017,True,UNSAT,D,"{""charge_parity"": 1, ""layer"": ""D"", ""random_reordered"": false, ""resolution_hard_reference"": true, ""true_multigeneration_candidate"": false, ""vertices"": 4}",16,6,instances/separation_v0.2/layer_d_resolution_tseitin_reference.n4.s8.u.cnf,layer_d_resolution_tseitin_reference.n4.s8.u,8,4
True,True,UNSAT,layer_d_random_reordered_parity,204017,True,UNSAT,D,"{""charge_parity"": 1, ""layer"": ""D"", ""random_reordered"": true, ""resolution_hard_reference"": true, ""true_multigeneration_candidate"": false, ""vertices"": 4}",16,6,instances/separation_v0.2/layer_d_random_reordered_parity.n4.s8.u.cnf,layer_d_random_reordered_parity.n4.s8.u,8,4
True,,SAT,layer_a_v01_regression,204018,True,SAT,A,"{""charge_parity"": 0, ""complemented_coordinates"": true, ""degree"": 3, ""edges"": 6, ""gate_encoding"": ""compact"", ""gate_relations"": 36, ""hidden_gate_basis"": [""and"", ""or"", ""not"", ""const""], ""layer"": ""A"", ""regression_only"": true, ""scope_boundaries_exposed"": false, ""semantic_labels_exposed"": false, ""target_emergent_language"": ""affine"", ""true_multigeneration_candidate"": true, ""vertices"": 4}",92,38,instances/separation_v0.2/layer_a_v01_regression.n4.s9.s.cnf,layer_a_v01_regression.n4.s9.s,9,4
True,,SAT,layer_b_heterogeneous_tseitin,204018,True,SAT,B,"{""charge_parity"": 0, ""gate_templates"": {""and_or_not"": 2, ""maj"": 2, ""mux"": 2, ""nand"": 1, ""nor"": 1}, ""layer"": ""B"", ""max_initial_same_scope_clause_block"": 8, ""random_polarities"": true, ""scope_boundaries_exposed"": false, ""split_requires_multistep_join_project"": false, ""true_multigeneration_candidate"": true, ""vertices"": 4}",148,41,instances/separation_v0.2/layer_b_heterogeneous_tseitin.n4.s9.s.cnf,layer_b_heterogeneous_tseitin.n4.s9.s,9,4
True,,SAT,layer_c_heterogeneous_tseitin,204018,True,SAT,C,"{""charge_parity"": 0, ""gate_templates"": {""and_or_not"": 2, ""maj"": 2, ""mux"": 2, ""nand"": 1, ""nor"": 1}, ""layer"": ""C"", ""max_initial_same_scope_clause_block"": 1, ""random_polarities"": true, ""scope_boundaries_exposed"": false, ""split_requires_multistep_join_project"": true, ""true_multigeneration_candidate"": true, ""vertices"": 4}",444,337,instances/separation_v0.2/layer_c_heterogeneous_tseitin.n4.s9.s.cnf,layer_c_heterogeneous_tseitin.n4.s9.s,9,4
True,True,SAT,layer_d_resolution_tseitin_reference,204018,True,SAT,D,"{""charge_parity"": 0, ""layer"": ""D"", ""random_reordered"": false, ""resolution_hard_reference"": true, ""true_multigeneration_candidate"": false, ""vertices"": 4}",16,6,instances/separation_v0.2/layer_d_resolution_tseitin_reference.n4.s9.s.cnf,layer_d_resolution_tseitin_reference.n4.s9.s,9,4
True,True,SAT,layer_d_random_reordered_parity,204018,True,SAT,D,"{""charge_parity"": 0, ""layer"": ""D"", ""random_reordered"": true, ""resolution_hard_reference"": true, ""true_multigeneration_candidate"": false, ""vertices"": 4}",16,6,instances/separation_v0.2/layer_d_random_reordered_parity.n4.s9.s.cnf,layer_d_random_reordered_parity.n4.s9.s,9,4
True,,UNSAT,layer_a_v01_regression,204019,True,UNSAT,A,"{""charge_parity"": 1, ""complemented_coordinates"": true, ""degree"": 3, ""edges"": 6, ""gate_encoding"": ""compact"", ""gate_relations"": 36, ""hidden_gate_basis"": [""and"", ""or"", ""not"", ""const""], ""layer"": ""A"", ""regression_only"": true, ""scope_boundaries_exposed"": false, ""semantic_labels_exposed"": false, ""target_emergent_language"": ""affine"", ""true_multigeneration_candidate"": true, ""vertices"": 4}",92,38,instances/separation_v0.2/layer_a_v01_regression.n4.s9.u.cnf,layer_a_v01_regression.n4.s9.u,9,4
True,,UNSAT,layer_b_heterogeneous_tseitin,204019,True,UNSAT,B,"{""charge_parity"": 1, ""gate_templates"": {""and_or_not"": 4, ""maj"": 1, ""mux"": 1, ""nand"": 1, ""nor"": 1}, ""layer"": ""B"", ""max_initial_same_scope_clause_block"": 8, ""random_polarities"": true, ""scope_boundaries_exposed"": false, ""split_requires_multistep_join_project"": false, ""true_multigeneration_candidate"": true, ""vertices"": 4}",136,40,instances/separation_v0.2/layer_b_heterogeneous_tseitin.n4.s9.u.cnf,layer_b_heterogeneous_tseitin.n4.s9.u,9,4
True,,UNSAT,layer_c_heterogeneous_tseitin,204019,True,UNSAT,C,"{""charge_parity"": 1, ""gate_templates"": {""and_or_not"": 4, ""maj"": 1, ""mux"": 1, ""nand"": 1, ""nor"": 1}, ""layer"": ""C"", ""max_initial_same_scope_clause_block"": 1, ""random_polarities"": true, ""scope_boundaries_exposed"": false, ""split_requires_multistep_join_project"": true, ""true_multigeneration_candidate"": true, ""vertices"": 4}",408,312,instances/separation_v0.2/layer_c_heterogeneous_tseitin.n4.s9.u.cnf,layer_c_heterogeneous_tseitin.n4.s9.u,9,4
True,True,UNSAT,layer_d_resolution_tseitin_reference,204019,True,UNSAT,D,"{""charge_parity"": 1, ""layer"": ""D"", ""random_reordered"": false, ""resolution_hard_reference"": true, ""true_multigeneration_candidate"": false, ""vertices"": 4}",16,6,instances/separation_v0.2/layer_d_resolution_tseitin_reference.n4.s9.u.cnf,layer_d_resolution_tseitin_reference.n4.s9.u,9,4
True,True,UNSAT,layer_d_random_reordered_parity,204019,True,UNSAT,D,"{""charge_parity"": 1, ""layer"": ""D"", ""random_reordered"": true, ""resolution_hard_reference"": true, ""true_multigeneration_candidate"": false, ""vertices"": 4}",16,6,instances/separation_v0.2/layer_d_random_reordered_parity.n4.s9.u.cnf,layer_d_random_reordered_parity.n4.s9.u,9,4
True,,SAT,layer_a_v01_regression,208000,True,SAT,A,"{""charge_parity"": 0, ""complemented_coordinates"": true, ""degree"": 3, ""edges"": 12, ""gate_encoding"": ""compact"", ""gate_relations"": 72, ""hidden_gate_basis"": [""and"", ""or"", ""not"", ""const""], ""layer"": ""A"", ""regression_only"": true, ""scope_boundaries_exposed"": false, ""semantic_labels_exposed"": false, ""target_emergent_language"": ""affine"", ""true_multigeneration_candidate"": true, ""vertices"": 8}",184,76,instances/separation_v0.2/layer_a_v01_regression.n8.s0.s.cnf,layer_a_v01_regression.n8.s0.s,0,8
True,,SAT,layer_b_heterogeneous_tseitin,208000,True,SAT,B,"{""charge_parity"": 0, ""gate_templates"": {""and_or_not"": 3, ""maj"": 6, ""mux"": 1, ""nand"": 2, ""nor"": 4}, ""layer"": ""B"", ""max_initial_same_scope_clause_block"": 8, ""random_polarities"": true, ""scope_boundaries_exposed"": false, ""split_requires_multistep_join_project"": false, ""true_multigeneration_candidate"": true, ""vertices"": 8}",352,96,instances/separation_v0.2/layer_b_heterogeneous_tseitin.n8.s0.s.cnf,layer_b_heterogeneous_tseitin.n8.s0.s,0,8
True,,SAT,layer_c_heterogeneous_tseitin,208000,True,SAT,C,"{""charge_parity"": 0, ""gate_templates"": {""and_or_not"": 3, ""maj"": 6, ""mux"": 1, ""nand"": 2, ""nor"": 4}, ""layer"": ""C"", ""max_initial_same_scope_clause_block"": 1, ""random_polarities"": true, ""scope_boundaries_exposed"": false, ""split_requires_multistep_join_project"": true, ""true_multigeneration_candidate"": true, ""vertices"": 8}",1056,800,instances/separation_v0.2/layer_c_heterogeneous_tseitin.n8.s0.s.cnf,layer_c_heterogeneous_tseitin.n8.s0.s,0,8
True,True,SAT,layer_d_resolution_tseitin_reference,208000,True,SAT,D,"{""charge_parity"": 0, ""layer"": ""D"", ""random_reordered"": false, ""resolution_hard_reference"": true, ""true_multigeneration_candidate"": false, ""vertices"": 8}",32,12,instances/separation_v0.2/layer_d_resolution_tseitin_reference.n8.s0.s.cnf,layer_d_resolution_tseitin_reference.n8.s0.s,0,8
True,True,SAT,layer_d_random_reordered_parity,208000,True,SAT,D,"{""charge_parity"": 0, ""layer"": ""D"", ""random_reordered"": true, ""resolution_hard_reference"": true, ""true_multigeneration_candidate"": false, ""vertices"": 8}",32,12,instances/separation_v0.2/layer_d_random_reordered_parity.n8.s0.s.cnf,layer_d_random_reordered_parity.n8.s0.s,0,8
True,,UNSAT,layer_a_v01_regression,208001,True,UNSAT,A,"{""charge_parity"": 1, ""complemented_coordinates"": true, ""degree"": 3, ""edges"": 12, ""gate_encoding"": ""compact"", ""gate_relations"": 72, ""hidden_gate_basis"": [""and"", ""or"", ""not"", ""const""], ""layer"": ""A"", ""regression_only"": true, ""scope_boundaries_exposed"": false, ""semantic_labels_exposed"": false, ""target_emergent_language"": ""affine"", ""true_multigeneration_candidate"": true, ""vertices"": 8}",184,76,instances/separation_v0.2/layer_a_v01_regression.n8.s0.u.cnf,layer_a_v01_regression.n8.s0.u,0,8
True,,UNSAT,layer_b_heterogeneous_tseitin,208001,True,UNSAT,B,"{""charge_parity"": 1, ""gate_templates"": {""and_or_not"": 3, ""maj"": 1, ""mux"": 6, ""nand"": 3, ""nor"": 3}, ""layer"": ""B"", ""max_initial_same_scope_clause_block"": 8, ""random_polarities"": true, ""scope_boundaries_exposed"": false, ""split_requires_multistep_join_project"": false, ""true_multigeneration_candidate"": true, ""vertices"": 8}",248,70,instances/separation_v0.2/layer_b_heterogeneous_tseitin.n8.s0.u.cnf,layer_b_heterogeneous_tseitin.n8.s0.u,0,8
True,,UNSAT,layer_c_heterogeneous_tseitin,208001,True,UNSAT,C,"{""charge_parity"": 1, ""gate_templates"": {""and_or_not"": 3, ""maj"": 1, ""mux"": 6, ""nand"": 3, ""nor"": 3}, ""layer"": ""C"", ""max_initial_same_scope_clause_block"": 1, ""random_polarities"": true, ""scope_boundaries_exposed"": false, ""split_requires_multistep_join_project"": true, ""true_multigeneration_candidate"": true, ""vertices"": 8}",744,566,instances/separation_v0.2/layer_c_heterogeneous_tseitin.n8.s0.u.cnf,layer_c_heterogeneous_tseitin.n8.s0.u,0,8
True,True,UNSAT,layer_d_resolution_tseitin_reference,208001,True,UNSAT,D,"{""charge_parity"": 1, ""layer"": ""D"", ""random_reordered"": false, ""resolution_hard_reference"": true, ""true_multigeneration_candidate"": false, ""vertices"": 8}",32,12,instances/separation_v0.2/layer_d_resolution_tseitin_reference.n8.s0.u.cnf,layer_d_resolution_tseitin_reference.n8.s0.u,0,8
True,True,UNSAT,layer_d_random_reordered_parity,208001,True,UNSAT,D,"{""charge_parity"": 1, ""layer"": ""D"", ""random_reordered"": true, ""resolution_hard_reference"": true, ""true_multigeneration_candidate"": false, ""vertices"": 8}",32,12,instances/separation_v0.2/layer_d_random_reordered_parity.n8.s0.u.cnf,layer_d_random_reordered_parity.n8.s0.u,0,8
True,,SAT,layer_a_v01_regression,208002,True,SAT,A,"{""charge_parity"": 0, ""complemented_coordinates"": true, ""degree"": 3, ""edges"": 12, ""gate_encoding"": ""compact"", ""gate_relations"": 72, ""hidden_gate_basis"": [""and"", ""or"", ""not"", ""const""], ""layer"": ""A"", ""regression_only"": true, ""scope_boundaries_exposed"": false, ""semantic_labels_exposed"": false, ""target_emergent_language"": ""affine"", ""true_multigeneration_candidate"": true, ""vertices"": 8}",184,76,instances/separation_v0.2/layer_a_v01_regression.n8.s1.s.cnf,layer_a_v01_regression.n8.s1.s,1,8
True,,SAT,layer_b_heterogeneous_tseitin,208002,True,SAT,B,"{""charge_parity"": 0, ""gate_templates"": {""and_or_not"": 3, ""maj"": 4, ""mux"": 4, ""nand"": 3, ""nor"": 2}, ""layer"": ""B"", ""max_initial_same_scope_clause_block"": 8, ""random_polarities"": true, ""scope_boundaries_exposed"": false, ""split_requires_multistep_join_project"": false, ""true_multigeneration_candidate"": true, ""vertices"": 8}",298,82,instances/separation_v0.2/layer_b_heterogeneous_tseitin.n8.s1.s.cnf,layer_b_heterogeneous_tseitin.n8.s1.s,1,8
True,,SAT,layer_c_heterogeneous_tseitin,208002,True,SAT,C,"{""charge_parity"": 0, ""gate_templates"": {""and_or_not"": 3, ""maj"": 4, ""mux"": 4, ""nand"": 3, ""nor"": 2}, ""layer"": ""C"", ""max_initial_same_scope_clause_block"": 1, ""random_polarities"": true, ""scope_boundaries_exposed"": false, ""split_requires_multistep_join_project"": true, ""true_multigeneration_candidate"": true, ""vertices"": 8}",894,678,instances/separation_v0.2/layer_c_heterogeneous_tseitin.n8.s1.s.cnf,layer_c_heterogeneous_tseitin.n8.s1.s,1,8
True,True,SAT,layer_d_resolution_tseitin_reference,208002,True,SAT,D,"{""charge_parity"": 0, ""layer"": ""D"", ""random_reordered"": false, ""resolution_hard_reference"": true, ""true_multigeneration_candidate"": false, ""vertices"": 8}",32,12,instances/separation_v0.2/layer_d_resolution_tseitin_reference.n8.s1.s.cnf,layer_d_resolution_tseitin_reference.n8.s1.s,1,8
True,True,SAT,layer_d_random_reordered_parity,208002,True,SAT,D,"{""charge_parity"": 0, ""layer"": ""D"", ""random_reordered"": true, ""resolution_hard_reference"": true, ""true_multigeneration_candidate"": false, ""vertices"": 8}",32,12,instances/separation_v0.2/layer_d_random_reordered_parity.n8.s1.s.cnf,layer_d_random_reordered_parity.n8.s1.s,1,8
True,,UNSAT,layer_a_v01_regression,208003,True,UNSAT,A,"{""charge_parity"": 1, ""complemented_coordinates"": true, ""degree"": 3, ""edges"": 12, ""gate_encoding"": ""compact"", ""gate_relations"": 72, ""hidden_gate_basis"": [""and"", ""or"", ""not"", ""const""], ""layer"": ""A"", ""regression_only"": true, ""scope_boundaries_exposed"": false, ""semantic_labels_exposed"": false, ""target_emergent_language"": ""affine"", ""true_multigeneration_candidate"": true, ""vertices"": 8}",184,76,instances/separation_v0.2/layer_a_v01_regression.n8.s1.u.cnf,layer_a_v01_regression.n8.s1.u,1,8
True,,UNSAT,layer_b_heterogeneous_tseitin,208003,True,UNSAT,B,"{""charge_parity"": 1, ""gate_templates"": {""and_or_not"": 2, ""maj"": 7, ""mux"": 3, ""nand"": 3, ""nor"": 1}, ""layer"": ""B"", ""max_initial_same_scope_clause_block"": 8, ""random_polarities"": true, ""scope_boundaries_exposed"": false, ""split_requires_multistep_join_project"": false, ""true_multigeneration_candidate"": true, ""vertices"": 8}",344,92,instances/separation_v0.2/layer_b_heterogeneous_tseitin.n8.s1.u.cnf,layer_b_heterogeneous_tseitin.n8.s1.u,1,8
True,,UNSAT,layer_c_heterogeneous_tseitin,208003,True,UNSAT,C,"{""charge_parity"": 1, ""gate_templates"": {""and_or_not"": 2, ""maj"": 7, ""mux"": 3, ""nand"": 3, ""nor"": 1}, ""layer"": ""C"", ""max_initial_same_scope_clause_block"": 1, ""random_polarities"": true, ""scope_boundaries_exposed"": false, ""split_requires_multistep_join_project"": true, ""true_multigeneration_candidate"": true, ""vertices"": 8}",1032,780,instances/separation_v0.2/layer_c_heterogeneous_tseitin.n8.s1.u.cnf,layer_c_heterogeneous_tseitin.n8.s1.u,1,8
True,True,UNSAT,layer_d_resolution_tseitin_reference,208003,True,UNSAT,D,"{""charge_parity"": 1, ""layer"": ""D"", ""random_reordered"": false, ""resolution_hard_reference"": true, ""true_multigeneration_candidate"": false, ""vertices"": 8}",32,12,instances/separation_v0.2/layer_d_resolution_tseitin_reference.n8.s1.u.cnf,layer_d_resolution_tseitin_reference.n8.s1.u,1,8
True,True,UNSAT,layer_d_random_reordered_parity,208003,True,UNSAT,D,"{""charge_parity"": 1, ""layer"": ""D"", ""random_reordered"": true, ""resolution_hard_reference"": true, ""true_multigeneration_candidate"": false, ""vertices"": 8}",32,12,instances/separation_v0.2/layer_d_random_reordered_parity.n8.s1.u.cnf,layer_d_random_reordered_parity.n8.s1.u,1,8
True,,SAT,layer_a_v01_regression,208004,True,SAT,A,"{""charge_parity"": 0, ""complemented_coordinates"": true, ""degree"": 3, ""edges"": 12, ""gate_encoding"": ""compact"", ""gate_relations"": 72, ""hidden_gate_basis"": [""and"", ""or"", ""not"", ""const""], ""layer"": ""A"", ""regression_only"": true, ""scope_boundaries_exposed"": false, ""semantic_labels_exposed"": false, ""target_emergent_language"": ""affine"", ""true_multigeneration_candidate"": true, ""vertices"": 8}",184,76,instances/separation_v0.2/layer_a_v01_regression.n8.s2.s.cnf,layer_a_v01_regression.n8.s2.s,2,8
True,,SAT,layer_b_heterogeneous_tseitin,208004,True,SAT,B,"{""charge_parity"": 0, ""gate_templates"": {""and_or_not"": 3, ""maj"": 4, ""mux"": 4, ""nand"": 2, ""nor"": 3}, ""layer"": ""B"", ""max_initial_same_scope_clause_block"": 8, ""random_polarities"": true, ""scope_boundaries_exposed"": false, ""split_requires_multistep_join_project"": false, ""true_multigeneration_candidate"": true, ""vertices"": 8}",302,83,instances/separation_v0.2/layer_b_heterogeneous_tseitin.n8.s2.s.cnf,layer_b_heterogeneous_tseitin.n8.s2.s,2,8
True,,SAT,layer_c_heterogeneous_tseitin,208004,True,SAT,C,"{""charge_parity"": 0, ""gate_templates"": {""and_or_not"": 3, ""maj"": 4, ""mux"": 4, ""nand"": 2, ""nor"": 3}, ""layer"": ""C"", ""max_initial_same_scope_clause_block"": 1, ""random_polarities"": true, ""scope_boundaries_exposed"": false, ""split_requires_multistep_join_project"": true, ""true_multigeneration_candidate"": true, ""vertices"": 8}",906,687,instances/separation_v0.2/layer_c_heterogeneous_tseitin.n8.s2.s.cnf,layer_c_heterogeneous_tseitin.n8.s2.s,2,8
True,True,SAT,layer_d_resolution_tseitin_reference,208004,True,SAT,D,"{""charge_parity"": 0, ""layer"": ""D"", ""random_reordered"": false, ""resolution_hard_reference"": true, ""true_multigeneration_candidate"": false, ""vertices"": 8}",32,12,instances/separation_v0.2/layer_d_resolution_tseitin_reference.n8.s2.s.cnf,layer_d_resolution_tseitin_reference.n8.s2.s,2,8
True,True,SAT,layer_d_random_reordered_parity,208004,True,SAT,D,"{""charge_parity"": 0, ""layer"": ""D"", ""random_reordered"": true, ""resolution_hard_reference"": true, ""true_multigeneration_candidate"": false, ""vertices"": 8}",32,12,instances/separation_v0.2/layer_d_random_reordered_parity.n8.s2.s.cnf,layer_d_random_reordered_parity.n8.s2.s,2,8
True,,UNSAT,layer_a_v01_regression,208005,True,UNSAT,A,"{""charge_parity"": 1, ""complemented_coordinates"": true, ""degree"": 3, ""edges"": 12, ""gate_encoding"": ""compact"", ""gate_relations"": 72, ""hidden_gate_basis"": [""and"", ""or"", ""not"", ""const""], ""layer"": ""A"", ""regression_only"": true, ""scope_boundaries_exposed"": false, ""semantic_labels_exposed"": false, ""target_emergent_language"": ""affine"", ""true_multigeneration_candidate"": true, ""vertices"": 8}",184,76,instances/separation_v0.2/layer_a_v01_regression.n8.s2.u.cnf,layer_a_v01_regression.n8.s2.u,2,8
True,,UNSAT,layer_b_heterogeneous_tseitin,208005,True,UNSAT,B,"{""charge_parity"": 1, ""gate_templates"": {""and_or_not"": 2, ""maj"": 2, ""mux"": 3, ""nand"": 6, ""nor"": 3}, ""layer"": ""B"", ""max_initial_same_scope_clause_block"": 8, ""random_polarities"": true, ""scope_boundaries_exposed"": false, ""split_requires_multistep_join_project"": false, ""true_multigeneration_candidate"": true, ""vertices"": 8}",282,79,instances/separation_v0.2/layer_b_heterogeneous_tseitin.n8.s2.u.cnf,layer_b_heterogeneous_tseitin.n8.s2.u,2,8
True,,UNSAT,layer_c_heterogeneous_tseitin,208005,True,UNSAT,C,"{""charge_parity"": 1, ""gate_templates"": {""and_or_not"": 2, ""maj"": 2, ""mux"": 3, ""nand"": 6, ""nor"": 3}, ""layer"": ""C"", ""max_initial_same_scope_clause_block"": 1, ""random_polarities"": true, ""scope_boundaries_exposed"": false, ""split_requires_multistep_join_project"": true, ""true_multigeneration_candidate"": true, ""vertices"": 8}",846,643,instances/separation_v0.2/layer_c_heterogeneous_tseitin.n8.s2.u.cnf,layer_c_heterogeneous_tseitin.n8.s2.u,2,8
True,True,UNSAT,layer_d_resolution_tseitin_reference,208005,True,UNSAT,D,"{""charge_parity"": 1, ""layer"": ""D"", ""random_reordered"": false, ""resolution_hard_reference"": true, ""true_multigeneration_candidate"": false, ""vertices"": 8}",32,12,instances/separation_v0.2/layer_d_resolution_tseitin_reference.n8.s2.u.cnf,layer_d_resolution_tseitin_reference.n8.s2.u,2,8
True,True,UNSAT,layer_d_random_reordered_parity,208005,True,UNSAT,D,"{""charge_parity"": 1, ""layer"": ""D"", ""random_reordered"": true, ""resolution_hard_reference"": true, ""true_multigeneration_candidate"": false, ""vertices"": 8}",32,12,instances/separation_v0.2/layer_d_random_reordered_parity.n8.s2.u.cnf,layer_d_random_reordered_parity.n8.s2.u,2,8
True,,SAT,layer_a_v01_regression,208006,True,SAT,A,"{""charge_parity"": 0, ""complemented_coordinates"": true, ""degree"": 3, ""edges"": 12, ""gate_encoding"": ""compact"", ""gate_relations"": 72, ""hidden_gate_basis"": [""and"", ""or"", ""not"", ""const""], ""layer"": ""A"", ""regression_only"": true, ""scope_boundaries_exposed"": false, ""semantic_labels_exposed"": false, ""target_emergent_language"": ""affine"", ""true_multigeneration_candidate"": true, ""vertices"": 8}",184,76,instances/separation_v0.2/layer_a_v01_regression.n8.s3.s.cnf,layer_a_v01_regression.n8.s3.s,3,8
True,,SAT,layer_b_heterogeneous_tseitin,208006,True,SAT,B,"{""charge_parity"": 0, ""gate_templates"": {""and_or_not"": 3, ""maj"": 4, ""mux"": 3, ""nand"": 3, ""nor"": 3}, ""layer"": ""B"", ""max_initial_same_scope_clause_block"": 8, ""random_polarities"": true, ""scope_boundaries_exposed"": false, ""split_requires_multistep_join_project"": false, ""true_multigeneration_candidate"": true, ""vertices"": 8}",308,85,instances/separation_v0.2/layer_b_heterogeneous_tseitin.n8.s3.s.cnf,layer_b_heterogeneous_tseitin.n8.s3.s,3,8
True,,SAT,layer_c_heterogeneous_tseitin,208006,True,SAT,C,"{""charge_parity"": 0, ""gate_templates"": {""and_or_not"": 3, ""maj"": 4, ""mux"": 3, ""nand"": 3, ""nor"": 3}, ""layer"": ""C"", ""max_initial_same_scope_clause_block"": 1, ""random_polarities"": true, ""scope_boundaries_exposed"": false, ""split_requires_multistep_join_project"": true, ""true_multigeneration_candidate"": true, ""vertices"": 8}",924,701,instances/separation_v0.2/layer_c_heterogeneous_tseitin.n8.s3.s.cnf,layer_c_heterogeneous_tseitin.n8.s3.s,3,8
True,True,SAT,layer_d_resolution_tseitin_reference,208006,True,SAT,D,"{""charge_parity"": 0, ""layer"": ""D"", ""random_reordered"": false, ""resolution_hard_reference"": true, ""true_multigeneration_candidate"": false, ""vertices"": 8}",32,12,instances/separation_v0.2/layer_d_resolution_tseitin_reference.n8.s3.s.cnf,layer_d_resolution_tseitin_reference.n8.s3.s,3,8
True,True,SAT,layer_d_random_reordered_parity,208006,True,SAT,D,"{""charge_parity"": 0, ""layer"": ""D"", ""random_reordered"": true, ""resolution_hard_reference"": true, ""true_multigeneration_candidate"": false, ""vertices"": 8}",32,12,instances/separation_v0.2/layer_d_random_reordered_parity.n8.s3.s.cnf,layer_d_random_reordered_parity.n8.s3.s,3,8
True,,UNSAT,layer_a_v01_regression,208007,True,UNSAT,A,"{""charge_parity"": 1, ""complemented_coordinates"": true, ""degree"": 3, ""edges"": 12, ""gate_encoding"": ""compact"", ""gate_relations"": 72, ""hidden_gate_basis"": [""and"", ""or"", ""not"", ""const""], ""layer"": ""A"", ""regression_only"": true, ""scope_boundaries_exposed"": false, ""semantic_labels_exposed"": false, ""target_emergent_language"": ""affine"", ""true_multigeneration_candidate"": true, ""vertices"": 8}",184,76,instances/separation_v0.2/layer_a_v01_regression.n8.s3.u.cnf,layer_a_v01_regression.n8.s3.u,3,8
True,,UNSAT,layer_b_heterogeneous_tseitin,208007,True,UNSAT,B,"{""charge_parity"": 1, ""gate_templates"": {""and_or_not"": 2, ""maj"": 6, ""mux"": 1, ""nand"": 2, ""nor"": 5}, ""layer"": ""B"", ""max_initial_same_scope_clause_block"": 8, ""random_polarities"": true, ""scope_boundaries_exposed"": false, ""split_requires_multistep_join_project"": false, ""true_multigeneration_candidate"": true, ""vertices"": 8}",358,97,instances/separation_v0.2/layer_b_heterogeneous_tseitin.n8.s3.u.cnf,layer_b_heterogeneous_tseitin.n8.s3.u,3,8
True,,UNSAT,layer_c_heterogeneous_tseitin,208007,True,UNSAT,C,"{""charge_parity"": 1, ""gate_templates"": {""and_or_not"": 2, ""maj"": 6, ""mux"": 1, ""nand"": 2, ""nor"": 5}, ""layer"": ""C"", ""max_initial_same_scope_clause_block"": 1, ""random_polarities"": true, ""scope_boundaries_exposed"": false, ""split_requires_multistep_join_project"": true, ""true_multigeneration_candidate"": true, ""vertices"": 8}",1074,813,instances/separation_v0.2/layer_c_heterogeneous_tseitin.n8.s3.u.cnf,layer_c_heterogeneous_tseitin.n8.s3.u,3,8
True,True,UNSAT,layer_d_resolution_tseitin_reference,208007,True,UNSAT,D,"{""charge_parity"": 1, ""layer"": ""D"", ""random_reordered"": false, ""resolution_hard_reference"": true, ""true_multigeneration_candidate"": false, ""vertices"": 8}",32,12,instances/separation_v0.2/layer_d_resolution_tseitin_reference.n8.s3.u.cnf,layer_d_resolution_tseitin_reference.n8.s3.u,3,8
True,True,UNSAT,layer_d_random_reordered_parity,208007,True,UNSAT,D,"{""charge_parity"": 1, ""layer"": ""D"", ""random_reordered"": true, ""resolution_hard_reference"": true, ""true_multigeneration_candidate"": false, ""vertices"": 8}",32,12,instances/separation_v0.2/layer_d_random_reordered_parity.n8.s3.u.cnf,layer_d_random_reordered_parity.n8.s3.u,3,8
True,,SAT,layer_a_v01_regression,208008,True,SAT,A,"{""charge_parity"": 0, ""complemented_coordinates"": true, ""degree"": 3, ""edges"": 12, ""gate_encoding"": ""compact"", ""gate_relations"": 72, ""hidden_gate_basis"": [""and"", ""or"", ""not"", ""const""], ""layer"": ""A"", ""regression_only"": true, ""scope_boundaries_exposed"": false, ""semantic_labels_exposed"": false, ""target_emergent_language"": ""affine"", ""true_multigeneration_candidate"": true, ""vertices"": 8}",184,76,instances/separation_v0.2/layer_a_v01_regression.n8.s4.s.cnf,layer_a_v01_regression.n8.s4.s,4,8
True,,SAT,layer_b_heterogeneous_tseitin,208008,True,SAT,B,"{""charge_parity"": 0, ""gate_templates"": {""and_or_not"": 4, ""maj"": 3, ""mux"": 2, ""nand"": 3, ""nor"": 4}, ""layer"": ""B"", ""max_initial_same_scope_clause_block"": 8, ""random_polarities"": true, ""scope_boundaries_exposed"": false, ""split_requires_multistep_join_project"": false, ""true_multigeneration_candidate"": true, ""vertices"": 8}",302,85,instances/separation_v0.2/layer_b_heterogeneous_tseitin.n8.s4.s.cnf,layer_b_heterogeneous_tseitin.n8.s4.s,4,8
True,,SAT,layer_c_heterogeneous_tseitin,208008,True,SAT,C,"{""charge_parity"": 0, ""gate_templates"": {""and_or_not"": 4, ""maj"": 3, ""mux"": 2, ""nand"": 3, ""nor"": 4}, ""layer"": ""C"", ""max_initial_same_scope_clause_block"": 1, ""random_polarities"": true, ""scope_boundaries_exposed"": false, ""split_requires_multistep_join_project"": true, ""true_multigeneration_candidate"": true, ""vertices"": 8}",906,689,instances/separation_v0.2/layer_c_heterogeneous_tseitin.n8.s4.s.cnf,layer_c_heterogeneous_tseitin.n8.s4.s,4,8
True,True,SAT,layer_d_resolution_tseitin_reference,208008,True,SAT,D,"{""charge_parity"": 0, ""layer"": ""D"", ""random_reordered"": false, ""resolution_hard_reference"": true, ""true_multigeneration_candidate"": false, ""vertices"": 8}",32,12,instances/separation_v0.2/layer_d_resolution_tseitin_reference.n8.s4.s.cnf,layer_d_resolution_tseitin_reference.n8.s4.s,4,8
True,True,SAT,layer_d_random_reordered_parity,208008,True,SAT,D,"{""charge_parity"": 0, ""layer"": ""D"", ""random_reordered"": true, ""resolution_hard_reference"": true, ""true_multigeneration_candidate"": false, ""vertices"": 8}",32,12,instances/separation_v0.2/layer_d_random_reordered_parity.n8.s4.s.cnf,layer_d_random_reordered_parity.n8.s4.s,4,8
True,,UNSAT,layer_a_v01_regression,208009,True,UNSAT,A,"{""charge_parity"": 1, ""complemented_coordinates"": true, ""degree"": 3, ""edges"": 12, ""gate_encoding"": ""compact"", ""gate_relations"": 72, ""hidden_gate_basis"": [""and"", ""or"", ""not"", ""const""], ""layer"": ""A"", ""regression_only"": true, ""scope_boundaries_exposed"": false, ""semantic_labels_exposed"": false, ""target_emergent_language"": ""affine"", ""true_multigeneration_candidate"": true, ""vertices"": 8}",184,76,instances/separation_v0.2/layer_a_v01_regression.n8.s4.u.cnf,layer_a_v01_regression.n8.s4.u,4,8
True,,UNSAT,layer_b_heterogeneous_tseitin,208009,True,UNSAT,B,"{""charge_parity"": 1, ""gate_templates"": {""and_or_not"": 2, ""maj"": 4, ""mux"": 3, ""nand"": 4, ""nor"": 3}, ""layer"": ""B"", ""max_initial_same_scope_clause_block"": 8, ""random_polarities"": true, ""scope_boundaries_exposed"": false, ""split_requires_multistep_join_project"": false, ""true_multigeneration_candidate"": true, ""vertices"": 8}",310,85,instances/separation_v0.2/layer_b_heterogeneous_tseitin.n8.s4.u.cnf,layer_b_heterogeneous_tseitin.n8.s4.u,4,8
True,,UNSAT,layer_c_heterogeneous_tseitin,208009,True,UNSAT,C,"{""charge_parity"": 1, ""gate_templates"": {""and_or_not"": 2, ""maj"": 4, ""mux"": 3, ""nand"": 4, ""nor"": 3}, ""layer"": ""C"", ""max_initial_same_scope_clause_block"": 1, ""random_polarities"": true, ""scope_boundaries_exposed"": false, ""split_requires_multistep_join_project"": true, ""true_multigeneration_candidate"": true, ""vertices"": 8}",930,705,instances/separation_v0.2/layer_c_heterogeneous_tseitin.n8.s4.u.cnf,layer_c_heterogeneous_tseitin.n8.s4.u,4,8
True,True,UNSAT,layer_d_resolution_tseitin_reference,208009,True,UNSAT,D,"{""charge_parity"": 1, ""layer"": ""D"", ""random_reordered"": false, ""resolution_hard_reference"": true, ""true_multigeneration_candidate"": false, ""vertices"": 8}",32,12,instances/separation_v0.2/layer_d_resolution_tseitin_reference.n8.s4.u.cnf,layer_d_resolution_tseitin_reference.n8.s4.u,4,8
True,True,UNSAT,layer_d_random_reordered_parity,208009,True,UNSAT,D,"{""charge_parity"": 1, ""layer"": ""D"", ""random_reordered"": true, ""resolution_hard_reference"": true, ""true_multigeneration_candidate"": false, ""vertices"": 8}",32,12,instances/separation_v0.2/layer_d_random_reordered_parity.n8.s4.u.cnf,layer_d_random_reordered_parity.n8.s4.u,4,8
True,,SAT,layer_a_v01_regression,208010,True,SAT,A,"{""charge_parity"": 0, ""complemented_coordinates"": true, ""degree"": 3, ""edges"": 12, ""gate_encoding"": ""compact"", ""gate_relations"": 72, ""hidden_gate_basis"": [""and"", ""or"", ""not"", ""const""], ""layer"": ""A"", ""regression_only"": true, ""scope_boundaries_exposed"": false, ""semantic_labels_exposed"": false, ""target_emergent_language"": ""affine"", ""true_multigeneration_candidate"": true, ""vertices"": 8}",184,76,instances/separation_v0.2/layer_a_v01_regression.n8.s5.s.cnf,layer_a_v01_regression.n8.s5.s,5,8
True,,SAT,layer_b_heterogeneous_tseitin,208010,True,SAT,B,"{""charge_parity"": 0, ""gate_templates"": {""and_or_not"": 2, ""maj"": 5, ""mux"": 1, ""nand"": 6, ""nor"": 2}, ""layer"": ""B"", ""max_initial_same_scope_clause_block"": 8, ""random_polarities"": true, ""scope_boundaries_exposed"": false, ""split_requires_multistep_join_project"": false, ""true_multigeneration_candidate"": true, ""vertices"": 8}",332,91,instances/separation_v0.2/layer_b_heterogeneous_tseitin.n8.s5.s.cnf,layer_b_heterogeneous_tseitin.n8.s5.s,5,8
True,,SAT,layer_c_heterogeneous_tseitin,208010,True,SAT,C,"{""charge_parity"": 0, ""gate_templates"": {""and_or_not"": 2, ""maj"": 5, ""mux"": 1, ""nand"": 6, ""nor"": 2}, ""layer"": ""C"", ""max_initial_same_scope_clause_block"": 1, ""random_polarities"": true, ""scope_boundaries_exposed"": false, ""split_requires_multistep_join_project"": true, ""true_multigeneration_candidate"": true, ""vertices"": 8}",996,755,instances/separation_v0.2/layer_c_heterogeneous_tseitin.n8.s5.s.cnf,layer_c_heterogeneous_tseitin.n8.s5.s,5,8
True,True,SAT,layer_d_resolution_tseitin_reference,208010,True,SAT,D,"{""charge_parity"": 0, ""layer"": ""D"", ""random_reordered"": false, ""resolution_hard_reference"": true, ""true_multigeneration_candidate"": false, ""vertices"": 8}",32,12,instances/separation_v0.2/layer_d_resolution_tseitin_reference.n8.s5.s.cnf,layer_d_resolution_tseitin_reference.n8.s5.s,5,8
True,True,SAT,layer_d_random_reordered_parity,208010,True,SAT,D,"{""charge_parity"": 0, ""layer"": ""D"", ""random_reordered"": true, ""resolution_hard_reference"": true, ""true_multigeneration_candidate"": false, ""vertices"": 8}",32,12,instances/separation_v0.2/layer_d_random_reordered_parity.n8.s5.s.cnf,layer_d_random_reordered_parity.n8.s5.s,5,8
True,,UNSAT,layer_a_v01_regression,208011,True,UNSAT,A,"{""charge_parity"": 1, ""complemented_coordinates"": true, ""degree"": 3, ""edges"": 12, ""gate_encoding"": ""compact"", ""gate_relations"": 72, ""hidden_gate_basis"": [""and"", ""or"", ""not"", ""const""], ""layer"": ""A"", ""regression_only"": true, ""scope_boundaries_exposed"": false, ""semantic_labels_exposed"": false, ""target_emergent_language"": ""affine"", ""true_multigeneration_candidate"": true, ""vertices"": 8}",184,76,instances/separation_v0.2/layer_a_v01_regression.n8.s5.u.cnf,layer_a_v01_regression.n8.s5.u,5,8
True,,UNSAT,layer_b_heterogeneous_tseitin,208011,True,UNSAT,B,"{""charge_parity"": 1, ""gate_templates"": {""and_or_not"": 4, ""maj"": 3, ""mux"": 3, ""nand"": 2, ""nor"": 4}, ""layer"": ""B"", ""max_initial_same_scope_clause_block"": 8, ""random_polarities"": true, ""scope_boundaries_exposed"": false, ""split_requires_multistep_join_project"": false, ""true_multigeneration_candidate"": true, ""vertices"": 8}",296,83,instances/separation_v0.2/layer_b_heterogeneous_tseitin.n8.s5.u.cnf,layer_b_heterogeneous_tseitin.n8.s5.u,5,8
True,,UNSAT,layer_c_heterogeneous_tseitin,208011,True,UNSAT,C,"{""charge_parity"": 1, ""gate_templates"": {""and_or_not"": 4, ""maj"": 3, ""mux"": 3, ""nand"": 2, ""nor"": 4}, ""layer"": ""C"", ""max_initial_same_scope_clause_block"": 1, ""random_polarities"": true, ""scope_boundaries_exposed"": false, ""split_requires_multistep_join_project"": true, ""true_multigeneration_candidate"": true, ""vertices"": 8}",888,675,instances/separation_v0.2/layer_c_heterogeneous_tseitin.n8.s5.u.cnf,layer_c_heterogeneous_tseitin.n8.s5.u,5,8
True,True,UNSAT,layer_d_resolution_tseitin_reference,208011,True,UNSAT,D,"{""charge_parity"": 1, ""layer"": ""D"", ""random_reordered"": false, ""resolution_hard_reference"": true, ""true_multigeneration_candidate"": false, ""vertices"": 8}",32,12,instances/separation_v0.2/layer_d_resolution_tseitin_reference.n8.s5.u.cnf,layer_d_resolution_tseitin_reference.n8.s5.u,5,8
True,True,UNSAT,layer_d_random_reordered_parity,208011,True,UNSAT,D,"{""charge_parity"": 1, ""layer"": ""D"", ""random_reordered"": true, ""resolution_hard_reference"": true, ""true_multigeneration_candidate"": false, ""vertices"": 8}",32,12,instances/separation_v0.2/layer_d_random_reordered_parity.n8.s5.u.cnf,layer_d_random_reordered_parity.n8.s5.u,5,8
True,,SAT,layer_a_v01_regression,208012,True,SAT,A,"{""charge_parity"": 0, ""complemented_coordinates"": true, ""degree"": 3, ""edges"": 12, ""gate_encoding"": ""compact"", ""gate_relations"": 72, ""hidden_gate_basis"": [""and"", ""or"", ""not"", ""const""], ""layer"": ""A"", ""regression_only"": true, ""scope_boundaries_exposed"": false, ""semantic_labels_exposed"": false, ""target_emergent_language"": ""affine"", ""true_multigeneration_candidate"": true, ""vertices"": 8}",184,76,instances/separation_v0.2/layer_a_v01_regression.n8.s6.s.cnf,layer_a_v01_regression.n8.s6.s,6,8
True,,SAT,layer_b_heterogeneous_tseitin,208012,True,SAT,B,"{""charge_parity"": 0, ""gate_templates"": {""and_or_not"": 4, ""maj"": 3, ""mux"": 1, ""nand"": 6, ""nor"": 2}, ""layer"": ""B"", ""max_initial_same_scope_clause_block"": 8, ""random_polarities"": true, ""scope_boundaries_exposed"": false, ""split_requires_multistep_join_project"": false, ""true_multigeneration_candidate"": true, ""vertices"": 8}",300,85,instances/separation_v0.2/layer_b_heterogeneous_tseitin.n8.s6.s.cnf,layer_b_heterogeneous_tseitin.n8.s6.s,6,8
True,,SAT,layer_c_heterogeneous_tseitin,208012,True,SAT,C,"{""charge_parity"": 0, ""gate_templates"": {""and_or_not"": 4, ""maj"": 3, ""mux"": 1, ""nand"": 6, ""nor"": 2}, ""layer"": ""C"", ""max_initial_same_scope_clause_block"": 1, ""random_polarities"": true, ""scope_boundaries_exposed"": false, ""split_requires_multistep_join_project"": true, ""true_multigeneration_candidate"": true, ""vertices"": 8}",900,685,instances/separation_v0.2/layer_c_heterogeneous_tseitin.n8.s6.s.cnf,layer_c_heterogeneous_tseitin.n8.s6.s,6,8
True,True,SAT,layer_d_resolution_tseitin_reference,208012,True,SAT,D,"{""charge_parity"": 0, ""layer"": ""D"", ""random_reordered"": false, ""resolution_hard_reference"": true, ""true_multigeneration_candidate"": false, ""vertices"": 8}",32,12,instances/separation_v0.2/layer_d_resolution_tseitin_reference.n8.s6.s.cnf,layer_d_resolution_tseitin_reference.n8.s6.s,6,8
True,True,SAT,layer_d_random_reordered_parity,208012,True,SAT,D,"{""charge_parity"": 0, ""layer"": ""D"", ""random_reordered"": true, ""resolution_hard_reference"": true, ""true_multigeneration_candidate"": false, ""vertices"": 8}",32,12,instances/separation_v0.2/layer_d_random_reordered_parity.n8.s6.s.cnf,layer_d_random_reordered_parity.n8.s6.s,6,8
True,,UNSAT,layer_a_v01_regression,208013,True,UNSAT,A,"{""charge_parity"": 1, ""complemented_coordinates"": true, ""degree"": 3, ""edges"": 12, ""gate_encoding"": ""compact"", ""gate_relations"": 72, ""hidden_gate_basis"": [""and"", ""or"", ""not"", ""const""], ""layer"": ""A"", ""regression_only"": true, ""scope_boundaries_exposed"": false, ""semantic_labels_exposed"": false, ""target_emergent_language"": ""affine"", ""true_multigeneration_candidate"": true, ""vertices"": 8}",184,76,instances/separation_v0.2/layer_a_v01_regression.n8.s6.u.cnf,layer_a_v01_regression.n8.s6.u,6,8
True,,UNSAT,layer_b_heterogeneous_tseitin,208013,True,UNSAT,B,"{""charge_parity"": 1, ""gate_templates"": {""and_or_not"": 8, ""maj"": 3, ""mux"": 2, ""nand"": 2, ""nor"": 1}, ""layer"": ""B"", ""max_initial_same_scope_clause_block"": 8, ""random_polarities"": true, ""scope_boundaries_exposed"": false, ""split_requires_multistep_join_project"": false, ""true_multigeneration_candidate"": true, ""vertices"": 8}",282,82,instances/separation_v0.2/layer_b_heterogeneous_tseitin.n8.s6.u.cnf,layer_b_heterogeneous_tseitin.n8.s6.u,6,8
True,,UNSAT,layer_c_heterogeneous_tseitin,208013,True,UNSAT,C,"{""charge_parity"": 1, ""gate_templates"": {""and_or_not"": 8, ""maj"": 3, ""mux"": 2, ""nand"": 2, ""nor"": 1}, ""layer"": ""C"", ""max_initial_same_scope_clause_block"": 1, ""random_polarities"": true, ""scope_boundaries_exposed"": false, ""split_requires_multistep_join_project"": true, ""true_multigeneration_candidate"": true, ""vertices"": 8}",846,646,instances/separation_v0.2/layer_c_heterogeneous_tseitin.n8.s6.u.cnf,layer_c_heterogeneous_tseitin.n8.s6.u,6,8
True,True,UNSAT,layer_d_resolution_tseitin_reference,208013,True,UNSAT,D,"{""charge_parity"": 1, ""layer"": ""D"", ""random_reordered"": false, ""resolution_hard_reference"": true, ""true_multigeneration_candidate"": false, ""vertices"": 8}",32,12,instances/separation_v0.2/layer_d_resolution_tseitin_reference.n8.s6.u.cnf,layer_d_resolution_tseitin_reference.n8.s6.u,6,8
True,True,UNSAT,layer_d_random_reordered_parity,208013,True,UNSAT,D,"{""charge_parity"": 1, ""layer"": ""D"", ""random_reordered"": true, ""resolution_hard_reference"": true, ""true_multigeneration_candidate"": false, ""vertices"": 8}",32,12,instances/separation_v0.2/layer_d_random_reordered_parity.n8.s6.u.cnf,layer_d_random_reordered_parity.n8.s6.u,6,8
True,,SAT,layer_a_v01_regression,208014,True,SAT,A,"{""charge_parity"": 0, ""complemented_coordinates"": true, ""degree"": 3, ""edges"": 12, ""gate_encoding"": ""compact"", ""gate_relations"": 72, ""hidden_gate_basis"": [""and"", ""or"", ""not"", ""const""], ""layer"": ""A"", ""regression_only"": true, ""scope_boundaries_exposed"": false, ""semantic_labels_exposed"": false, ""target_emergent_language"": ""affine"", ""true_multigeneration_candidate"": true, ""vertices"": 8}",184,76,instances/separation_v0.2/layer_a_v01_regression.n8.s7.s.cnf,layer_a_v01_regression.n8.s7.s,7,8
True,,SAT,layer_b_heterogeneous_tseitin,208014,True,SAT,B,"{""charge_parity"": 0, ""gate_templates"": {""and_or_not"": 3, ""maj"": 3, ""mux"": 2, ""nand"": 4, ""nor"": 4}, ""layer"": ""B"", ""max_initial_same_scope_clause_block"": 8, ""random_polarities"": true, ""scope_boundaries_exposed"": false, ""split_requires_multistep_join_project"": false, ""true_multigeneration_candidate"": true, ""vertices"": 8}",304,85,instances/separation_v0.2/layer_b_heterogeneous_tseitin.n8.s7.s.cnf,layer_b_heterogeneous_tseitin.n8.s7.s,7,8
True,,SAT,layer_c_heterogeneous_tseitin,208014,True,SAT,C,"{""charge_parity"": 0, ""gate_templates"": {""and_or_not"": 3, ""maj"": 3, ""mux"": 2, ""nand"": 4, ""nor"": 4}, ""layer"": ""C"", ""max_initial_same_scope_clause_block"": 1, ""random_polarities"": true, ""scope_boundaries_exposed"": false, ""split_requires_multistep_join_project"": true, ""true_multigeneration_candidate"": true, ""vertices"": 8}",912,693,instances/separation_v0.2/layer_c_heterogeneous_tseitin.n8.s7.s.cnf,layer_c_heterogeneous_tseitin.n8.s7.s,7,8
True,True,SAT,layer_d_resolution_tseitin_reference,208014,True,SAT,D,"{""charge_parity"": 0, ""layer"": ""D"", ""random_reordered"": false, ""resolution_hard_reference"": true, ""true_multigeneration_candidate"": false, ""vertices"": 8}",32,12,instances/separation_v0.2/layer_d_resolution_tseitin_reference.n8.s7.s.cnf,layer_d_resolution_tseitin_reference.n8.s7.s,7,8
True,True,SAT,layer_d_random_reordered_parity,208014,True,SAT,D,"{""charge_parity"": 0, ""layer"": ""D"", ""random_reordered"": true, ""resolution_hard_reference"": true, ""true_multigeneration_candidate"": false, ""vertices"": 8}",32,12,instances/separation_v0.2/layer_d_random_reordered_parity.n8.s7.s.cnf,layer_d_random_reordered_parity.n8.s7.s,7,8
True,,UNSAT,layer_a_v01_regression,208015,True,UNSAT,A,"{""charge_parity"": 1, ""complemented_coordinates"": true, ""degree"": 3, ""edges"": 12, ""gate_encoding"": ""compact"", ""gate_relations"": 72, ""hidden_gate_basis"": [""and"", ""or"", ""not"", ""const""], ""layer"": ""A"", ""regression_only"": true, ""scope_boundaries_exposed"": false, ""semantic_labels_exposed"": false, ""target_emergent_language"": ""affine"", ""true_multigeneration_candidate"": true, ""vertices"": 8}",184,76,instances/separation_v0.2/layer_a_v01_regression.n8.s7.u.cnf,layer_a_v01_regression.n8.s7.u,7,8
True,,UNSAT,layer_b_heterogeneous_tseitin,208015,True,UNSAT,B,"{""charge_parity"": 1, ""gate_templates"": {""and_or_not"": 5, ""maj"": 5, ""mux"": 2, ""nand"": 1, ""nor"": 3}, ""layer"": ""B"", ""max_initial_same_scope_clause_block"": 8, ""random_polarities"": true, ""scope_boundaries_exposed"": false, ""split_requires_multistep_join_project"": false, ""true_multigeneration_candidate"": true, ""vertices"": 8}",324,90,instances/separation_v0.2/layer_b_heterogeneous_tseitin.n8.s7.u.cnf,layer_b_heterogeneous_tseitin.n8.s7.u,7,8
True,,UNSAT,layer_c_heterogeneous_tseitin,208015,True,UNSAT,C,"{""charge_parity"": 1, ""gate_templates"": {""and_or_not"": 5, ""maj"": 5, ""mux"": 2, ""nand"": 1, ""nor"": 3}, ""layer"": ""C"", ""max_initial_same_scope_clause_block"": 1, ""random_polarities"": true, ""scope_boundaries_exposed"": false, ""split_requires_multistep_join_project"": true, ""true_multigeneration_candidate"": true, ""vertices"": 8}",972,738,instances/separation_v0.2/layer_c_heterogeneous_tseitin.n8.s7.u.cnf,layer_c_heterogeneous_tseitin.n8.s7.u,7,8
True,True,UNSAT,layer_d_resolution_tseitin_reference,208015,True,UNSAT,D,"{""charge_parity"": 1, ""layer"": ""D"", ""random_reordered"": false, ""resolution_hard_reference"": true, ""true_multigeneration_candidate"": false, ""vertices"": 8}",32,12,instances/separation_v0.2/layer_d_resolution_tseitin_reference.n8.s7.u.cnf,layer_d_resolution_tseitin_reference.n8.s7.u,7,8
True,True,UNSAT,layer_d_random_reordered_parity,208015,True,UNSAT,D,"{""charge_parity"": 1, ""layer"": ""D"", ""random_reordered"": true, ""resolution_hard_reference"": true, ""true_multigeneration_candidate"": false, ""vertices"": 8}",32,12,instances/separation_v0.2/layer_d_random_reordered_parity.n8.s7.u.cnf,layer_d_random_reordered_parity.n8.s7.u,7,8
True,,SAT,layer_a_v01_regression,208016,True,SAT,A,"{""charge_parity"": 0, ""complemented_coordinates"": true, ""degree"": 3, ""edges"": 12, ""gate_encoding"": ""compact"", ""gate_relations"": 72, ""hidden_gate_basis"": [""and"", ""or"", ""not"", ""const""], ""layer"": ""A"", ""regression_only"": true, ""scope_boundaries_exposed"": false, ""semantic_labels_exposed"": false, ""target_emergent_language"": ""affine"", ""true_multigeneration_candidate"": true, ""vertices"": 8}",184,76,instances/separation_v0.2/layer_a_v01_regression.n8.s8.s.cnf,layer_a_v01_regression.n8.s8.s,8,8
True,,SAT,layer_b_heterogeneous_tseitin,208016,True,SAT,B,"{""charge_parity"": 0, ""gate_templates"": {""and_or_not"": 2, ""maj"": 3, ""nand"": 5, ""nor"": 6}, ""layer"": ""B"", ""max_initial_same_scope_clause_block"": 8, ""random_polarities"": true, ""scope_boundaries_exposed"": false, ""split_requires_multistep_join_project"": false, ""true_multigeneration_candidate"": true, ""vertices"": 8}",326,91,instances/separation_v0.2/layer_b_heterogeneous_tseitin.n8.s8.s.cnf,layer_b_heterogeneous_tseitin.n8.s8.s,8,8
True,,SAT,layer_c_heterogeneous_tseitin,208016,True,SAT,C,"{""charge_parity"": 0, ""gate_templates"": {""and_or_not"": 2, ""maj"": 3, ""nand"": 5, ""nor"": 6}, ""layer"": ""C"", ""max_initial_same_scope_clause_block"": 1, ""random_polarities"": true, ""scope_boundaries_exposed"": false, ""split_requires_multistep_join_project"": true, ""true_multigeneration_candidate"": true, ""vertices"": 8}",978,743,instances/separation_v0.2/layer_c_heterogeneous_tseitin.n8.s8.s.cnf,layer_c_heterogeneous_tseitin.n8.s8.s,8,8
True,True,SAT,layer_d_resolution_tseitin_reference,208016,True,SAT,D,"{""charge_parity"": 0, ""layer"": ""D"", ""random_reordered"": false, ""resolution_hard_reference"": true, ""true_multigeneration_candidate"": false, ""vertices"": 8}",32,12,instances/separation_v0.2/layer_d_resolution_tseitin_reference.n8.s8.s.cnf,layer_d_resolution_tseitin_reference.n8.s8.s,8,8
True,True,SAT,layer_d_random_reordered_parity,208016,True,SAT,D,"{""charge_parity"": 0, ""layer"": ""D"", ""random_reordered"": true, ""resolution_hard_reference"": true, ""true_multigeneration_candidate"": false, ""vertices"": 8}",32,12,instances/separation_v0.2/layer_d_random_reordered_parity.n8.s8.s.cnf,layer_d_random_reordered_parity.n8.s8.s,8,8
True,,UNSAT,layer_a_v01_regression,208017,True,UNSAT,A,"{""charge_parity"": 1, ""complemented_coordinates"": true, ""degree"": 3, ""edges"": 12, ""gate_encoding"": ""compact"", ""gate_relations"": 72, ""hidden_gate_basis"": [""and"", ""or"", ""not"", ""const""], ""layer"": ""A"", ""regression_only"": true, ""scope_boundaries_exposed"": false, ""semantic_labels_exposed"": false, ""target_emergent_language"": ""affine"", ""true_multigeneration_candidate"": true, ""vertices"": 8}",184,76,instances/separation_v0.2/layer_a_v01_regression.n8.s8.u.cnf,layer_a_v01_regression.n8.s8.u,8,8
True,,UNSAT,layer_b_heterogeneous_tseitin,208017,True,UNSAT,B,"{""charge_parity"": 1, ""gate_templates"": {""and_or_not"": 3, ""maj"": 1, ""mux"": 5, ""nand"": 5, ""nor"": 2}, ""layer"": ""B"", ""max_initial_same_scope_clause_block"": 8, ""random_polarities"": true, ""scope_boundaries_exposed"": false, ""split_requires_multistep_join_project"": false, ""true_multigeneration_candidate"": true, ""vertices"": 8}",250,71,instances/separation_v0.2/layer_b_heterogeneous_tseitin.n8.s8.u.cnf,layer_b_heterogeneous_tseitin.n8.s8.u,8,8
True,,UNSAT,layer_c_heterogeneous_tseitin,208017,True,UNSAT,C,"{""charge_parity"": 1, ""gate_templates"": {""and_or_not"": 3, ""maj"": 1, ""mux"": 5, ""nand"": 5, ""nor"": 2}, ""layer"": ""C"", ""max_initial_same_scope_clause_block"": 1, ""random_polarities"": true, ""scope_boundaries_exposed"": false, ""split_requires_multistep_join_project"": true, ""true_multigeneration_candidate"": true, ""vertices"": 8}",750,571,instances/separation_v0.2/layer_c_heterogeneous_tseitin.n8.s8.u.cnf,layer_c_heterogeneous_tseitin.n8.s8.u,8,8
True,True,UNSAT,layer_d_resolution_tseitin_reference,208017,True,UNSAT,D,"{""charge_parity"": 1, ""layer"": ""D"", ""random_reordered"": false, ""resolution_hard_reference"": true, ""true_multigeneration_candidate"": false, ""vertices"": 8}",32,12,instances/separation_v0.2/layer_d_resolution_tseitin_reference.n8.s8.u.cnf,layer_d_resolution_tseitin_reference.n8.s8.u,8,8
True,True,UNSAT,layer_d_random_reordered_parity,208017,True,UNSAT,D,"{""charge_parity"": 1, ""layer"": ""D"", ""random_reordered"": true, ""resolution_hard_reference"": true, ""true_multigeneration_candidate"": false, ""vertices"": 8}",32,12,instances/separation_v0.2/layer_d_random_reordered_parity.n8.s8.u.cnf,layer_d_random_reordered_parity.n8.s8.u,8,8
True,,SAT,layer_a_v01_regression,208018,True,SAT,A,"{""charge_parity"": 0, ""complemented_coordinates"": true, ""degree"": 3, ""edges"": 12, ""gate_encoding"": ""compact"", ""gate_relations"": 72, ""hidden_gate_basis"": [""and"", ""or"", ""not"", ""const""], ""layer"": ""A"", ""regression_only"": true, ""scope_boundaries_exposed"": false, ""semantic_labels_exposed"": false, ""target_emergent_language"": ""affine"", ""true_multigeneration_candidate"": true, ""vertices"": 8}",184,76,instances/separation_v0.2/layer_a_v01_regression.n8.s9.s.cnf,layer_a_v01_regression.n8.s9.s,9,8
True,,SAT,layer_b_heterogeneous_tseitin,208018,True,SAT,B,"{""charge_parity"": 0, ""gate_templates"": {""and_or_not"": 3, ""maj"": 3, ""mux"": 5, ""nand"": 2, ""nor"": 3}, ""layer"": ""B"", ""max_initial_same_scope_clause_block"": 8, ""random_polarities"": true, ""scope_boundaries_exposed"": false, ""split_requires_multistep_join_project"": false, ""true_multigeneration_candidate"": true, ""vertices"": 8}",282,78,instances/separation_v0.2/layer_b_heterogeneous_tseitin.n8.s9.s.cnf,layer_b_heterogeneous_tseitin.n8.s9.s,9,8
True,,SAT,layer_c_heterogeneous_tseitin,208018,True,SAT,C,"{""charge_parity"": 0, ""gate_templates"": {""and_or_not"": 3, ""maj"": 3, ""mux"": 5, ""nand"": 2, ""nor"": 3}, ""layer"": ""C"", ""max_initial_same_scope_clause_block"": 1, ""random_polarities"": true, ""scope_boundaries_exposed"": false, ""split_requires_multistep_join_project"": true, ""true_multigeneration_candidate"": true, ""vertices"": 8}",846,642,instances/separation_v0.2/layer_c_heterogeneous_tseitin.n8.s9.s.cnf,layer_c_heterogeneous_tseitin.n8.s9.s,9,8
True,True,SAT,layer_d_resolution_tseitin_reference,208018,True,SAT,D,"{""charge_parity"": 0, ""layer"": ""D"", ""random_reordered"": false, ""resolution_hard_reference"": true, ""true_multigeneration_candidate"": false, ""vertices"": 8}",32,12,instances/separation_v0.2/layer_d_resolution_tseitin_reference.n8.s9.s.cnf,layer_d_resolution_tseitin_reference.n8.s9.s,9,8
True,True,SAT,layer_d_random_reordered_parity,208018,True,SAT,D,"{""charge_parity"": 0, ""layer"": ""D"", ""random_reordered"": true, ""resolution_hard_reference"": true, ""true_multigeneration_candidate"": false, ""vertices"": 8}",32,12,instances/separation_v0.2/layer_d_random_reordered_parity.n8.s9.s.cnf,layer_d_random_reordered_parity.n8.s9.s,9,8
True,,UNSAT,layer_a_v01_regression,208019,True,UNSAT,A,"{""charge_parity"": 1, ""complemented_coordinates"": true, ""degree"": 3, ""edges"": 12, ""gate_encoding"": ""compact"", ""gate_relations"": 72, ""hidden_gate_basis"": [""and"", ""or"", ""not"", ""const""], ""layer"": ""A"", ""regression_only"": true, ""scope_boundaries_exposed"": false, ""semantic_labels_exposed"": false, ""target_emergent_language"": ""affine"", ""true_multigeneration_candidate"": true, ""vertices"": 8}",184,76,instances/separation_v0.2/layer_a_v01_regression.n8.s9.u.cnf,layer_a_v01_regression.n8.s9.u,9,8
True,,UNSAT,layer_b_heterogeneous_tseitin,208019,True,UNSAT,B,"{""charge_parity"": 1, ""gate_templates"": {""and_or_not"": 3, ""maj"": 3, ""mux"": 5, ""nand"": 2, ""nor"": 3}, ""layer"": ""B"", ""max_initial_same_scope_clause_block"": 8, ""random_polarities"": true, ""scope_boundaries_exposed"": false, ""split_requires_multistep_join_project"": false, ""true_multigeneration_candidate"": true, ""vertices"": 8}",282,78,instances/separation_v0.2/layer_b_heterogeneous_tseitin.n8.s9.u.cnf,layer_b_heterogeneous_tseitin.n8.s9.u,9,8
True,,UNSAT,layer_c_heterogeneous_tseitin,208019,True,UNSAT,C,"{""charge_parity"": 1, ""gate_templates"": {""and_or_not"": 3, ""maj"": 3, ""mux"": 5, ""nand"": 2, ""nor"": 3}, ""layer"": ""C"", ""max_initial_same_scope_clause_block"": 1, ""random_polarities"": true, ""scope_boundaries_exposed"": false, ""split_requires_multistep_join_project"": true, ""true_multigeneration_candidate"": true, ""vertices"": 8}",846,642,instances/separation_v0.2/layer_c_heterogeneous_tseitin.n8.s9.u.cnf,layer_c_heterogeneous_tseitin.n8.s9.u,9,8
True,True,UNSAT,layer_d_resolution_tseitin_reference,208019,True,UNSAT,D,"{""charge_parity"": 1, ""layer"": ""D"", ""random_reordered"": false, ""resolution_hard_reference"": true, ""true_multigeneration_candidate"": false, ""vertices"": 8}",32,12,instances/separation_v0.2/layer_d_resolution_tseitin_reference.n8.s9.u.cnf,layer_d_resolution_tseitin_reference.n8.s9.u,9,8
True,True,UNSAT,layer_d_random_reordered_parity,208019,True,UNSAT,D,"{""charge_parity"": 1, ""layer"": ""D"", ""random_reordered"": true, ""resolution_hard_reference"": true, ""true_multigeneration_candidate"": false, ""vertices"": 8}",32,12,instances/separation_v0.2/layer_d_random_reordered_parity.n8.s9.u.cnf,layer_d_random_reordered_parity.n8.s9.u,9,8
False,,UNSAT,layer_b_heterogeneous_tseitin,916000,True,UNSAT,B,"{""charge_parity"": 1, ""gate_templates"": {""and_or_not"": 6, ""maj"": 11, ""mux"": 6, ""nand"": 7, ""nor"": 2}, ""layer"": ""B"", ""max_initial_same_scope_clause_block"": 8, ""random_polarities"": true, ""scope_boundaries_exposed"": false, ""split_requires_multistep_join_project"": false, ""true_multigeneration_candidate"": true, ""vertices"": 16}",642,175,instances/separation_v0.2/layer_b_heterogeneous_tseitin.n16.s0.u.cnf,layer_b_heterogeneous_tseitin.n16.s0.u,0,16
False,,UNSAT,layer_d_random_reordered_parity,916000,True,UNSAT,D,"{""charge_parity"": 1, ""layer"": ""D"", ""random_reordered"": true, ""resolution_hard_reference"": true, ""true_multigeneration_candidate"": false, ""vertices"": 16}",64,24,instances/separation_v0.2/layer_d_random_reordered_parity.n16.s0.u.cnf,layer_d_random_reordered_parity.n16.s0.u,0,16
False,,UNSAT,layer_b_heterogeneous_tseitin,916001,True,UNSAT,B,"{""charge_parity"": 1, ""gate_templates"": {""and_or_not"": 6, ""maj"": 4, ""mux"": 10, ""nand"": 5, ""nor"": 7}, ""layer"": ""B"", ""max_initial_same_scope_clause_block"": 8, ""random_polarities"": true, ""scope_boundaries_exposed"": false, ""split_requires_multistep_join_project"": false, ""true_multigeneration_candidate"": true, ""vertices"": 16}",540,151,instances/separation_v0.2/layer_b_heterogeneous_tseitin.n16.s1.u.cnf,layer_b_heterogeneous_tseitin.n16.s1.u,1,16
False,,UNSAT,layer_d_random_reordered_parity,916001,True,UNSAT,D,"{""charge_parity"": 1, ""layer"": ""D"", ""random_reordered"": true, ""resolution_hard_reference"": true, ""true_multigeneration_candidate"": false, ""vertices"": 16}",64,24,instances/separation_v0.2/layer_d_random_reordered_parity.n16.s1.u.cnf,layer_d_random_reordered_parity.n16.s1.u,1,16
False,,UNSAT,layer_b_heterogeneous_tseitin,916002,True,UNSAT,B,"{""charge_parity"": 1, ""gate_templates"": {""and_or_not"": 5, ""maj"": 8, ""mux"": 3, ""nand"": 6, ""nor"": 10}, ""layer"": ""B"", ""max_initial_same_scope_clause_block"": 8, ""random_polarities"": true, ""scope_boundaries_exposed"": false, ""split_requires_multistep_join_project"": false, ""true_multigeneration_candidate"": true, ""vertices"": 16}",652,180,instances/separation_v0.2/layer_b_heterogeneous_tseitin.n16.s2.u.cnf,layer_b_heterogeneous_tseitin.n16.s2.u,2,16
False,,UNSAT,layer_d_random_reordered_parity,916002,True,UNSAT,D,"{""charge_parity"": 1, ""layer"": ""D"", ""random_reordered"": true, ""resolution_hard_reference"": true, ""true_multigeneration_candidate"": false, ""vertices"": 16}",64,24,instances/separation_v0.2/layer_d_random_reordered_parity.n16.s2.u.cnf,layer_d_random_reordered_parity.n16.s2.u,2,16
False,,UNSAT,layer_b_heterogeneous_tseitin,916003,True,UNSAT,B,"{""charge_parity"": 1, ""gate_templates"": {""and_or_not"": 5, ""maj"": 7, ""mux"": 7, ""nand"": 8, ""nor"": 5}, ""layer"": ""B"", ""max_initial_same_scope_clause_block"": 8, ""random_polarities"": true, ""scope_boundaries_exposed"": false, ""split_requires_multistep_join_project"": false, ""true_multigeneration_candidate"": true, ""vertices"": 16}",594,164,instances/separation_v0.2/layer_b_heterogeneous_tseitin.n16.s3.u.cnf,layer_b_heterogeneous_tseitin.n16.s3.u,3,16
False,,UNSAT,layer_d_random_reordered_parity,916003,True,UNSAT,D,"{""charge_parity"": 1, ""layer"": ""D"", ""random_reordered"": true, ""resolution_hard_reference"": true, ""true_multigeneration_candidate"": false, ""vertices"": 16}",64,24,instances/separation_v0.2/layer_d_random_reordered_parity.n16.s3.u.cnf,layer_d_random_reordered_parity.n16.s3.u,3,16
False,,UNSAT,layer_b_heterogeneous_tseitin,916004,True,UNSAT,B,"{""charge_parity"": 1, ""gate_templates"": {""and_or_not"": 4, ""maj"": 8, ""mux"": 10, ""nand"": 3, ""nor"": 7}, ""layer"": ""B"", ""max_initial_same_scope_clause_block"": 8, ""random_polarities"": true, ""scope_boundaries_exposed"": false, ""split_requires_multistep_join_project"": false, ""true_multigeneration_candidate"": true, ""vertices"": 16}",600,163,instances/separation_v0.2/layer_b_heterogeneous_tseitin.n16.s4.u.cnf,layer_b_heterogeneous_tseitin.n16.s4.u,4,16
False,,UNSAT,layer_d_random_reordered_parity,916004,True,UNSAT,D,"{""charge_parity"": 1, ""layer"": ""D"", ""random_reordered"": true, ""resolution_hard_reference"": true, ""true_multigeneration_candidate"": false, ""vertices"": 16}",64,24,instances/separation_v0.2/layer_d_random_reordered_parity.n16.s4.u.cnf,layer_d_random_reordered_parity.n16.s4.u,4,16
False,,UNSAT,layer_b_heterogeneous_tseitin,916005,True,UNSAT,B,"{""charge_parity"": 1, ""gate_templates"": {""and_or_not"": 7, ""maj"": 11, ""mux"": 5, ""nand"": 6, ""nor"": 3}, ""layer"": ""B"", ""max_initial_same_scope_clause_block"": 8, ""random_polarities"": true, ""scope_boundaries_exposed"": false, ""split_requires_multistep_join_project"": false, ""true_multigeneration_candidate"": true, ""vertices"": 16}",650,178,instances/separation_v0.2/layer_b_heterogeneous_tseitin.n16.s5.u.cnf,layer_b_heterogeneous_tseitin.n16.s5.u,5,16
False,,UNSAT,layer_d_random_reordered_parity,916005,True,UNSAT,D,"{""charge_parity"": 1, ""layer"": ""D"", ""random_reordered"": true, ""resolution_hard_reference"": true, ""true_multigeneration_candidate"": false, ""vertices"": 16}",64,24,instances/separation_v0.2/layer_d_random_reordered_parity.n16.s5.u.cnf,layer_d_random_reordered_parity.n16.s5.u,5,16
False,,UNSAT,layer_b_heterogeneous_tseitin,916006,True,UNSAT,B,"{""charge_parity"": 1, ""gate_templates"": {""and_or_not"": 9, ""maj"": 4, ""mux"": 7, ""nand"": 5, ""nor"": 7}, ""layer"": ""B"", ""max_initial_same_scope_clause_block"": 8, ""random_polarities"": true, ""scope_boundaries_exposed"": false, ""split_requires_multistep_join_project"": false, ""true_multigeneration_candidate"": true, ""vertices"": 16}",552,157,instances/separation_v0.2/layer_b_heterogeneous_tseitin.n16.s6.u.cnf,layer_b_heterogeneous_tseitin.n16.s6.u,6,16
False,,UNSAT,layer_d_random_reordered_parity,916006,True,UNSAT,D,"{""charge_parity"": 1, ""layer"": ""D"", ""random_reordered"": true, ""resolution_hard_reference"": true, ""true_multigeneration_candidate"": false, ""vertices"": 16}",64,24,instances/separation_v0.2/layer_d_random_reordered_parity.n16.s6.u.cnf,layer_d_random_reordered_parity.n16.s6.u,6,16
False,,UNSAT,layer_b_heterogeneous_tseitin,916007,True,UNSAT,B,"{""charge_parity"": 1, ""gate_templates"": {""and_or_not"": 7, ""maj"": 9, ""mux"": 3, ""nand"": 8, ""nor"": 5}, ""layer"": ""B"", ""max_initial_same_scope_clause_block"": 8, ""random_polarities"": true, ""scope_boundaries_exposed"": false, ""split_requires_multistep_join_project"": false, ""true_multigeneration_candidate"": true, ""vertices"": 16}",642,178,instances/separation_v0.2/layer_b_heterogeneous_tseitin.n16.s7.u.cnf,layer_b_heterogeneous_tseitin.n16.s7.u,7,16
False,,UNSAT,layer_d_random_reordered_parity,916007,True,UNSAT,D,"{""charge_parity"": 1, ""layer"": ""D"", ""random_reordered"": true, ""resolution_hard_reference"": true, ""true_multigeneration_candidate"": false, ""vertices"": 16}",64,24,instances/separation_v0.2/layer_d_random_reordered_parity.n16.s7.u.cnf,layer_d_random_reordered_parity.n16.s7.u,7,16
False,,UNSAT,layer_b_heterogeneous_tseitin,916008,True,UNSAT,B,"{""charge_parity"": 1, ""gate_templates"": {""and_or_not"": 5, ""maj"": 4, ""mux"": 9, ""nand"": 7, ""nor"": 7}, ""layer"": ""B"", ""max_initial_same_scope_clause_block"": 8, ""random_polarities"": true, ""scope_boundaries_exposed"": false, ""split_requires_multistep_join_project"": false, ""true_multigeneration_candidate"": true, ""vertices"": 16}",548,153,instances/separation_v0.2/layer_b_heterogeneous_tseitin.n16.s8.u.cnf,layer_b_heterogeneous_tseitin.n16.s8.u,8,16
False,,UNSAT,layer_d_random_reordered_parity,916008,True,UNSAT,D,"{""charge_parity"": 1, ""layer"": ""D"", ""random_reordered"": true, ""resolution_hard_reference"": true, ""true_multigeneration_candidate"": false, ""vertices"": 16}",64,24,instances/separation_v0.2/layer_d_random_reordered_parity.n16.s8.u.cnf,layer_d_random_reordered_parity.n16.s8.u,8,16
False,,UNSAT,layer_b_heterogeneous_tseitin,916009,True,UNSAT,B,"{""charge_parity"": 1, ""gate_templates"": {""and_or_not"": 9, ""maj"": 7, ""mux"": 3, ""nand"": 8, ""nor"": 5}, ""layer"": ""B"", ""max_initial_same_scope_clause_block"": 8, ""random_polarities"": true, ""scope_boundaries_exposed"": false, ""split_requires_multistep_join_project"": false, ""true_multigeneration_candidate"": true, ""vertices"": 16}",610,172,instances/separation_v0.2/layer_b_heterogeneous_tseitin.n16.s9.u.cnf,layer_b_heterogeneous_tseitin.n16.s9.u,9,16
False,,UNSAT,layer_d_random_reordered_parity,916009,True,UNSAT,D,"{""charge_parity"": 1, ""layer"": ""D"", ""random_reordered"": true, ""resolution_hard_reference"": true, ""true_multigeneration_candidate"": false, ""vertices"": 16}",64,24,instances/separation_v0.2/layer_d_random_reordered_parity.n16.s9.u.cnf,layer_d_random_reordered_parity.n16.s9.u,9,16
False,,UNSAT,layer_b_heterogeneous_tseitin,932000,True,UNSAT,B,"{""charge_parity"": 1, ""gate_templates"": {""and_or_not"": 13, ""maj"": 17, ""mux"": 16, ""nand"": 11, ""nor"": 7}, ""layer"": ""B"", ""max_initial_same_scope_clause_block"": 8, ""random_polarities"": true, ""scope_boundaries_exposed"": false, ""split_requires_multistep_join_project"": false, ""true_multigeneration_candidate"": true, ""vertices"": 32}",1200,330,instances/separation_v0.2/layer_b_heterogeneous_tseitin.n32.s0.u.cnf,layer_b_heterogeneous_tseitin.n32.s0.u,0,32
False,,UNSAT,layer_d_random_reordered_parity,932000,True,UNSAT,D,"{""charge_parity"": 1, ""layer"": ""D"", ""random_reordered"": true, ""resolution_hard_reference"": true, ""true_multigeneration_candidate"": false, ""vertices"": 32}",128,48,instances/separation_v0.2/layer_d_random_reordered_parity.n32.s0.u.cnf,layer_d_random_reordered_parity.n32.s0.u,0,32
False,,UNSAT,layer_b_heterogeneous_tseitin,932001,True,UNSAT,B,"{""charge_parity"": 1, ""gate_templates"": {""and_or_not"": 12, ""maj"": 20, ""mux"": 5, ""nand"": 10, ""nor"": 17}, ""layer"": ""B"", ""max_initial_same_scope_clause_block"": 8, ""random_polarities"": true, ""scope_boundaries_exposed"": false, ""split_requires_multistep_join_project"": false, ""true_multigeneration_candidate"": true, ""vertices"": 32}",1350,371,instances/separation_v0.2/layer_b_heterogeneous_tseitin.n32.s1.u.cnf,layer_b_heterogeneous_tseitin.n32.s1.u,1,32
False,,UNSAT,layer_d_random_reordered_parity,932001,True,UNSAT,D,"{""charge_parity"": 1, ""layer"": ""D"", ""random_reordered"": true, ""resolution_hard_reference"": true, ""true_multigeneration_candidate"": false, ""vertices"": 32}",128,48,instances/separation_v0.2/layer_d_random_reordered_parity.n32.s1.u.cnf,layer_d_random_reordered_parity.n32.s1.u,1,32
False,,UNSAT,layer_b_heterogeneous_tseitin,932002,True,UNSAT,B,"{""charge_parity"": 1, ""gate_templates"": {""and_or_not"": 14, ""maj"": 9, ""mux"": 10, ""nand"": 18, ""nor"": 13}, ""layer"": ""B"", ""max_initial_same_scope_clause_block"": 8, ""random_polarities"": true, ""scope_boundaries_exposed"": false, ""split_requires_multistep_join_project"": false, ""true_multigeneration_candidate"": true, ""vertices"": 32}",1146,324,instances/separation_v0.2/layer_b_heterogeneous_tseitin.n32.s2.u.cnf,layer_b_heterogeneous_tseitin.n32.s2.u,2,32
False,,UNSAT,layer_d_random_reordered_parity,932002,True,UNSAT,D,"{""charge_parity"": 1, ""layer"": ""D"", ""random_reordered"": true, ""resolution_hard_reference"": true, ""true_multigeneration_candidate"": false, ""vertices"": 32}",128,48,instances/separation_v0.2/layer_d_random_reordered_parity.n32.s2.u.cnf,layer_d_random_reordered_parity.n32.s2.u,2,32
False,,UNSAT,layer_b_heterogeneous_tseitin,932003,True,UNSAT,B,"{""charge_parity"": 1, ""gate_templates"": {""and_or_not"": 14, ""maj"": 15, ""mux"": 11, ""nand"": 11, ""nor"": 13}, ""layer"": ""B"", ""max_initial_same_scope_clause_block"": 8, ""random_polarities"": true, ""scope_boundaries_exposed"": false, ""split_requires_multistep_join_project"": false, ""true_multigeneration_candidate"": true, ""vertices"": 32}",1224,340,instances/separation_v0.2/layer_b_heterogeneous_tseitin.n32.s3.u.cnf,layer_b_heterogeneous_tseitin.n32.s3.u,3,32
False,,UNSAT,layer_d_random_reordered_parity,932003,True,UNSAT,D,"{""charge_parity"": 1, ""layer"": ""D"", ""random_reordered"": true, ""resolution_hard_reference"": true, ""true_multigeneration_candidate"": false, ""vertices"": 32}",128,48,instances/separation_v0.2/layer_d_random_reordered_parity.n32.s3.u.cnf,layer_d_random_reordered_parity.n32.s3.u,3,32
False,,UNSAT,layer_b_heterogeneous_tseitin,932004,True,UNSAT,B,"{""charge_parity"": 1, ""gate_templates"": {""and_or_not"": 13, ""maj"": 9, ""mux"": 11, ""nand"": 8, ""nor"": 23}, ""layer"": ""B"", ""max_initial_same_scope_clause_block"": 8, ""random_polarities"": true, ""scope_boundaries_exposed"": false, ""split_requires_multistep_join_project"": false, ""true_multigeneration_candidate"": true, ""vertices"": 32}",1182,332,instances/separation_v0.2/layer_b_heterogeneous_tseitin.n32.s4.u.cnf,layer_b_heterogeneous_tseitin.n32.s4.u,4,32
False,,UNSAT,layer_d_random_reordered_parity,932004,True,UNSAT,D,"{""charge_parity"": 1, ""layer"": ""D"", ""random_reordered"": true, ""resolution_hard_reference"": true, ""true_multigeneration_candidate"": false, ""vertices"": 32}",128,48,instances/separation_v0.2/layer_d_random_reordered_parity.n32.s4.u.cnf,layer_d_random_reordered_parity.n32.s4.u,4,32
False,,UNSAT,layer_b_heterogeneous_tseitin,932005,True,UNSAT,B,"{""charge_parity"": 1, ""gate_templates"": {""and_or_not"": 11, ""maj"": 17, ""mux"": 14, ""nand"": 9, ""nor"": 13}, ""layer"": ""B"", ""max_initial_same_scope_clause_block"": 8, ""random_polarities"": true, ""scope_boundaries_exposed"": false, ""split_requires_multistep_join_project"": false, ""true_multigeneration_candidate"": true, ""vertices"": 32}",1240,340,instances/separation_v0.2/layer_b_heterogeneous_tseitin.n32.s5.u.cnf,layer_b_heterogeneous_tseitin.n32.s5.u,5,32
False,,UNSAT,layer_d_random_reordered_parity,932005,True,UNSAT,D,"{""charge_parity"": 1, ""layer"": ""D"", ""random_reordered"": true, ""resolution_hard_reference"": true, ""true_multigeneration_candidate"": false, ""vertices"": 32}",128,48,instances/separation_v0.2/layer_d_random_reordered_parity.n32.s5.u.cnf,layer_d_random_reordered_parity.n32.s5.u,5,32
False,,UNSAT,layer_b_heterogeneous_tseitin,932006,True,UNSAT,B,"{""charge_parity"": 1, ""gate_templates"": {""and_or_not"": 12, ""maj"": 18, ""mux"": 11, ""nand"": 11, ""nor"": 12}, ""layer"": ""B"", ""max_initial_same_scope_clause_block"": 8, ""random_polarities"": true, ""scope_boundaries_exposed"": false, ""split_requires_multistep_join_project"": false, ""true_multigeneration_candidate"": true, ""vertices"": 32}",1266,348,instances/separation_v0.2/layer_b_heterogeneous_tseitin.n32.s6.u.cnf,layer_b_heterogeneous_tseitin.n32.s6.u,6,32
False,,UNSAT,layer_d_random_reordered_parity,932006,True,UNSAT,D,"{""charge_parity"": 1, ""layer"": ""D"", ""random_reordered"": true, ""resolution_hard_reference"": true, ""true_multigeneration_candidate"": false, ""vertices"": 32}",128,48,instances/separation_v0.2/layer_d_random_reordered_parity.n32.s6.u.cnf,layer_d_random_reordered_parity.n32.s6.u,6,32
False,,UNSAT,layer_b_heterogeneous_tseitin,932007,True,UNSAT,B,"{""charge_parity"": 1, ""gate_templates"": {""and_or_not"": 9, ""maj"": 16, ""mux"": 8, ""nand"": 15, ""nor"": 16}, ""layer"": ""B"", ""max_initial_same_scope_clause_block"": 8, ""random_polarities"": true, ""scope_boundaries_exposed"": false, ""split_requires_multistep_join_project"": false, ""true_multigeneration_candidate"": true, ""vertices"": 32}",1278,352,instances/separation_v0.2/layer_b_heterogeneous_tseitin.n32.s7.u.cnf,layer_b_heterogeneous_tseitin.n32.s7.u,7,32
False,,UNSAT,layer_d_random_reordered_parity,932007,True,UNSAT,D,"{""charge_parity"": 1, ""layer"": ""D"", ""random_reordered"": true, ""resolution_hard_reference"": true, ""true_multigeneration_candidate"": false, ""vertices"": 32}",128,48,instances/separation_v0.2/layer_d_random_reordered_parity.n32.s7.u.cnf,layer_d_random_reordered_parity.n32.s7.u,7,32
False,,UNSAT,layer_b_heterogeneous_tseitin,932008,True,UNSAT,B,"{""charge_parity"": 1, ""gate_templates"": {""and_or_not"": 10, ""maj"": 10, ""mux"": 14, ""nand"": 18, ""nor"": 12}, ""layer"": ""B"", ""max_initial_same_scope_clause_block"": 8, ""random_polarities"": true, ""scope_boundaries_exposed"": false, ""split_requires_multistep_join_project"": false, ""true_multigeneration_candidate"": true, ""vertices"": 32}",1140,318,instances/separation_v0.2/layer_b_heterogeneous_tseitin.n32.s8.u.cnf,layer_b_heterogeneous_tseitin.n32.s8.u,8,32
False,,UNSAT,layer_d_random_reordered_parity,932008,True,UNSAT,D,"{""charge_parity"": 1, ""layer"": ""D"", ""random_reordered"": true, ""resolution_hard_reference"": true, ""true_multigeneration_candidate"": false, ""vertices"": 32}",128,48,instances/separation_v0.2/layer_d_random_reordered_parity.n32.s8.u.cnf,layer_d_random_reordered_parity.n32.s8.u,8,32
False,,UNSAT,layer_b_heterogeneous_tseitin,932009,True,UNSAT,B,"{""charge_parity"": 1, ""gate_templates"": {""and_or_not"": 17, ""maj"": 8, ""mux"": 18, ""nand"": 12, ""nor"": 9}, ""layer"": ""B"", ""max_initial_same_scope_clause_block"": 8, ""random_polarities"": true, ""scope_boundaries_exposed"": false, ""split_requires_multistep_join_project"": false, ""true_multigeneration_candidate"": true, ""vertices"": 32}",1062,301,instances/separation_v0.2/layer_b_heterogeneous_tseitin.n32.s9.u.cnf,layer_b_heterogeneous_tseitin.n32.s9.u,9,32
False,,UNSAT,layer_d_random_reordered_parity,932009,True,UNSAT,D,"{""charge_parity"": 1, ""layer"": ""D"", ""random_reordered"": true, ""resolution_hard_reference"": true, ""true_multigeneration_candidate"": false, ""vertices"": 32}",128,48,instances/separation_v0.2/layer_d_random_reordered_parity.n32.s9.u.cnf,layer_d_random_reordered_parity.n32.s9.u,9,32
