bounded_birth_search,configuration,expected_v02_width,explored_states,found,frontier,initialization,instance_id,legacy_match,minimum_births,minimum_scope_width,model,naive_crosscheck,source
,legacy_v01_LCA,3,8,True,"[{""scope_width"": 3, ""max_tuple_count"": 13, ""total_tuple_count"": 28, ""max_log_tuple_count"": 3.807354922057604, ""max_bitset_bytes"": 2, ""total_bitset_bytes"": 8, ""birth_count"": 1, ""generation_depth"": 1, ""discovery_work"": 123, ""endpoint_solver_cost"": 11}, {""scope_width"": 3, ""max_tuple_count"": 13, ""total_tuple_count"": 30, ""max_log_tuple_count"": 3.807354922057604, ""max_bitset_bytes"": 2, ""total_bitset_bytes"": 8, ""birth_count"": 1, ""generation_depth"": 1, ""discovery_work"": 278, ""endpoint_solver_cost"": 9}]",legacy_scope_grouping,v02-random-exact-n4-s0,True,1,3,LCA,True,v0.2 exact suite
4,clause_LCA,,8,True,"[{""scope_width"": 3, ""max_tuple_count"": 15, ""total_tuple_count"": 60, ""max_log_tuple_count"": 4.0, ""max_bitset_bytes"": 2, ""total_bitset_bytes"": 12, ""birth_count"": 1, ""generation_depth"": 1, ""discovery_work"": 1375, ""endpoint_solver_cost"": 11}, {""scope_width"": 3, ""max_tuple_count"": 15, ""total_tuple_count"": 62, ""max_log_tuple_count"": 4.0, ""max_bitset_bytes"": 2, ""total_bitset_bytes"": 12, ""birth_count"": 1, ""generation_depth"": 1, ""discovery_work"": 1394, ""endpoint_solver_cost"": 9}, {""scope_width"": 3, ""max_tuple_count"": 15, ""total_tuple_count"": 64, ""max_log_tuple_count"": 4.0, ""max_bitset_bytes"": 2, ""total_bitset_bytes"": 12, ""birth_count"": 1, ""generation_depth"": 1, ""discovery_work"": 678, ""endpoint_solver_cost"": 11}]",clause_level,v02-random-exact-n4-s0,,1,3,LCA,True,v0.2 exact suite
2,clause_BCA,,812,True,"[{""scope_width"": 4, ""max_tuple_count"": 15, ""total_tuple_count"": 66, ""max_log_tuple_count"": 4.0, ""max_bitset_bytes"": 2, ""total_bitset_bytes"": 14, ""birth_count"": 2, ""generation_depth"": 2, ""discovery_work"": 193, ""endpoint_solver_cost"": 40}, {""scope_width"": 4, ""max_tuple_count"": 15, ""total_tuple_count"": 68, ""max_log_tuple_count"": 4.0, ""max_bitset_bytes"": 2, ""total_bitset_bytes"": 14, ""birth_count"": 2, ""generation_depth"": 1, ""discovery_work"": 103, ""endpoint_solver_cost"": 44}, {""scope_width"": 4, ""max_tuple_count"": 15, ""total_tuple_count"": 75, ""max_log_tuple_count"": 4.0, ""max_bitset_bytes"": 2, ""total_bitset_bytes"": 14, ""birth_count"": 2, ""generation_depth"": 1, ""discovery_work"": 727, ""endpoint_solver_cost"": 37}]",clause_level,v02-random-exact-n4-s0,,2,4,BCA,True,v0.2 exact suite
,legacy_v01_LCA,3,8,True,"[{""scope_width"": 3, ""max_tuple_count"": 13, ""total_tuple_count"": 33, ""max_log_tuple_count"": 3.807354922057604, ""max_bitset_bytes"": 2, ""total_bitset_bytes"": 7, ""birth_count"": 1, ""generation_depth"": 1, ""discovery_work"": 469, ""endpoint_solver_cost"": 3}, {""scope_width"": 3, ""max_tuple_count"": 13, ""total_tuple_count"": 37, ""max_log_tuple_count"": 3.807354922057604, ""max_bitset_bytes"": 2, ""total_bitset_bytes"": 7, ""birth_count"": 1, ""generation_depth"": 1, ""discovery_work"": 269, ""endpoint_solver_cost"": 17}, {""scope_width"": 3, ""max_tuple_count"": 13, ""total_tuple_count"": 37, ""max_log_tuple_count"": 3.807354922057604, ""max_bitset_bytes"": 2, ""total_bitset_bytes"": 7, ""birth_count"": 1, ""generation_depth"": 1, ""discovery_work"": 459, ""endpoint_solver_cost"": 8}, {""scope_width"": 3, ""max_tuple_count"": 13, ""total_tuple_count"": 38, ""max_log_tuple_count"": 3.807354922057604, ""max_bitset_bytes"": 2, ""total_bitset_bytes"": 7, ""birth_count"": 1, ""generation_depth"": 1, ""discovery_work"": 230, ""endpoint_solver_cost"": 19}]",legacy_scope_grouping,v02-random-exact-n4-s1,True,1,3,LCA,True,v0.2 exact suite
4,clause_LCA,,8,True,"[{""scope_width"": 3, ""max_tuple_count"": 15, ""total_tuple_count"": 73, ""max_log_tuple_count"": 4.0, ""max_bitset_bytes"": 2, ""total_bitset_bytes"": 12, ""birth_count"": 1, ""generation_depth"": 1, ""discovery_work"": 1590, ""endpoint_solver_cost"": 3}, {""scope_width"": 3, ""max_tuple_count"": 15, ""total_tuple_count"": 77, ""max_log_tuple_count"": 4.0, ""max_bitset_bytes"": 2, ""total_bitset_bytes"": 12, ""birth_count"": 1, ""generation_depth"": 1, ""discovery_work"": 1524, ""endpoint_solver_cost"": 25}, {""scope_width"": 3, ""max_tuple_count"": 15, ""total_tuple_count"": 77, ""max_log_tuple_count"": 4.0, ""max_bitset_bytes"": 2, ""total_bitset_bytes"": 12, ""birth_count"": 1, ""generation_depth"": 1, ""discovery_work"": 1580, ""endpoint_solver_cost"": 8}, {""scope_width"": 3, ""max_tuple_count"": 15, ""total_tuple_count"": 78, ""max_log_tuple_count"": 4.0, ""max_bitset_bytes"": 2, ""total_bitset_bytes"": 12, ""birth_count"": 1, ""generation_depth"": 1, ""discovery_work"": 1351, ""endpoint_solver_cost"": 19}]",clause_level,v02-random-exact-n4-s1,,1,3,LCA,True,v0.2 exact suite
2,clause_BCA,,1264,False,[],clause_level,v02-random-exact-n4-s1,,,,BCA,True,v0.2 exact suite
,legacy_v01_LCA,0,2,True,"[{""scope_width"": 0, ""max_tuple_count"": 14, ""total_tuple_count"": 40, ""max_log_tuple_count"": 3.9068905956085187, ""max_bitset_bytes"": 2, ""total_bitset_bytes"": 8, ""birth_count"": 0, ""generation_depth"": 0, ""discovery_work"": 0, ""endpoint_solver_cost"": 40}]",legacy_scope_grouping,v02-random-exact-n4-s2,True,0,0,LCA,True,v0.2 exact suite
4,clause_LCA,,2,True,"[{""scope_width"": 0, ""max_tuple_count"": 15, ""total_tuple_count"": 56, ""max_log_tuple_count"": 4.0, ""max_bitset_bytes"": 2, ""total_bitset_bytes"": 10, ""birth_count"": 0, ""generation_depth"": 0, ""discovery_work"": 0, ""endpoint_solver_cost"": 56}]",clause_level,v02-random-exact-n4-s2,,0,0,LCA,True,v0.2 exact suite
2,clause_BCA,,2,True,"[{""scope_width"": 0, ""max_tuple_count"": 15, ""total_tuple_count"": 56, ""max_log_tuple_count"": 4.0, ""max_bitset_bytes"": 2, ""total_bitset_bytes"": 10, ""birth_count"": 0, ""generation_depth"": 0, ""discovery_work"": 0, ""endpoint_solver_cost"": 56}]",clause_level,v02-random-exact-n4-s2,,0,0,BCA,True,v0.2 exact suite
,legacy_v01_LCA,3,8,True,"[{""scope_width"": 3, ""max_tuple_count"": 14, ""total_tuple_count"": 35, ""max_log_tuple_count"": 3.9068905956085187, ""max_bitset_bytes"": 2, ""total_bitset_bytes"": 7, ""birth_count"": 1, ""generation_depth"": 1, ""discovery_work"": 142, ""endpoint_solver_cost"": 14}, {""scope_width"": 3, ""max_tuple_count"": 14, ""total_tuple_count"": 35, ""max_log_tuple_count"": 3.9068905956085187, ""max_bitset_bytes"": 2, ""total_bitset_bytes"": 7, ""birth_count"": 1, ""generation_depth"": 1, ""discovery_work"": 303, ""endpoint_solver_cost"": 13}, {""scope_width"": 3, ""max_tuple_count"": 14, ""total_tuple_count"": 35, ""max_log_tuple_count"": 3.9068905956085187, ""max_bitset_bytes"": 2, ""total_bitset_bytes"": 7, ""birth_count"": 1, ""generation_depth"": 1, ""discovery_work"": 456, ""endpoint_solver_cost"": 8}]",legacy_scope_grouping,v02-random-exact-n4-s3,True,1,3,LCA,True,v0.2 exact suite
4,clause_LCA,,8,True,"[{""scope_width"": 3, ""max_tuple_count"": 15, ""total_tuple_count"": 66, ""max_log_tuple_count"": 4.0, ""max_bitset_bytes"": 2, ""total_bitset_bytes"": 11, ""birth_count"": 1, ""generation_depth"": 1, ""discovery_work"": 568, ""endpoint_solver_cost"": 14}, {""scope_width"": 3, ""max_tuple_count"": 15, ""total_tuple_count"": 66, ""max_log_tuple_count"": 4.0, ""max_bitset_bytes"": 2, ""total_bitset_bytes"": 11, ""birth_count"": 1, ""generation_depth"": 1, ""discovery_work"": 1219, ""endpoint_solver_cost"": 8}]",clause_level,v02-random-exact-n4-s3,,1,3,LCA,True,v0.2 exact suite
2,clause_BCA,,693,True,"[{""scope_width"": 3, ""max_tuple_count"": 15, ""total_tuple_count"": 67, ""max_log_tuple_count"": 4.0, ""max_bitset_bytes"": 2, ""total_bitset_bytes"": 12, ""birth_count"": 2, ""generation_depth"": 1, ""discovery_work"": 84, ""endpoint_solver_cost"": 51}, {""scope_width"": 3, ""max_tuple_count"": 15, ""total_tuple_count"": 70, ""max_log_tuple_count"": 4.0, ""max_bitset_bytes"": 2, ""total_bitset_bytes"": 12, ""birth_count"": 2, ""generation_depth"": 1, ""discovery_work"": 207, ""endpoint_solver_cost"": 48}]",clause_level,v02-random-exact-n4-s3,,2,3,BCA,True,v0.2 exact suite
,legacy_v01_LCA,0,2,True,"[{""scope_width"": 0, ""max_tuple_count"": 13, ""total_tuple_count"": 24, ""max_log_tuple_count"": 3.807354922057604, ""max_bitset_bytes"": 2, ""total_bitset_bytes"": 5, ""birth_count"": 0, ""generation_depth"": 0, ""discovery_work"": 0, ""endpoint_solver_cost"": 24}]",legacy_scope_grouping,v02-random-exact-n4-s4,True,0,0,LCA,True,v0.2 exact suite
4,clause_LCA,,2,True,"[{""scope_width"": 0, ""max_tuple_count"": 15, ""total_tuple_count"": 68, ""max_log_tuple_count"": 4.0, ""max_bitset_bytes"": 2, ""total_bitset_bytes"": 11, ""birth_count"": 0, ""generation_depth"": 0, ""discovery_work"": 0, ""endpoint_solver_cost"": 68}]",clause_level,v02-random-exact-n4-s4,,0,0,LCA,True,v0.2 exact suite
2,clause_BCA,,2,True,"[{""scope_width"": 0, ""max_tuple_count"": 15, ""total_tuple_count"": 68, ""max_log_tuple_count"": 4.0, ""max_bitset_bytes"": 2, ""total_bitset_bytes"": 11, ""birth_count"": 0, ""generation_depth"": 0, ""discovery_work"": 0, ""endpoint_solver_cost"": 68}]",clause_level,v02-random-exact-n4-s4,,0,0,BCA,True,v0.2 exact suite
,legacy_v01_LCA,3,11,True,"[{""scope_width"": 3, ""max_tuple_count"": 15, ""total_tuple_count"": 37, ""max_log_tuple_count"": 4.0, ""max_bitset_bytes"": 2, ""total_bitset_bytes"": 8, ""birth_count"": 1, ""generation_depth"": 1, ""discovery_work"": 543, ""endpoint_solver_cost"": 8}, {""scope_width"": 3, ""max_tuple_count"": 15, ""total_tuple_count"": 44, ""max_log_tuple_count"": 4.0, ""max_bitset_bytes"": 2, ""total_bitset_bytes"": 9, ""birth_count"": 2, ""generation_depth"": 2, ""discovery_work"": 691, ""endpoint_solver_cost"": 1}]",legacy_scope_grouping,v02-random-exact-n4-s5,True,1,3,LCA,True,v0.2 exact suite
4,clause_LCA,,11,True,"[{""scope_width"": 3, ""max_tuple_count"": 15, ""total_tuple_count"": 46, ""max_log_tuple_count"": 4.0, ""max_bitset_bytes"": 2, ""total_bitset_bytes"": 10, ""birth_count"": 1, ""generation_depth"": 1, ""discovery_work"": 829, ""endpoint_solver_cost"": 8}, {""scope_width"": 3, ""max_tuple_count"": 15, ""total_tuple_count"": 51, ""max_log_tuple_count"": 4.0, ""max_bitset_bytes"": 2, ""total_bitset_bytes"": 10, ""birth_count"": 1, ""generation_depth"": 1, ""discovery_work"": 569, ""endpoint_solver_cost"": 21}, {""scope_width"": 3, ""max_tuple_count"": 15, ""total_tuple_count"": 53, ""max_log_tuple_count"": 4.0, ""max_bitset_bytes"": 2, ""total_bitset_bytes"": 11, ""birth_count"": 2, ""generation_depth"": 2, ""discovery_work"": 923, ""endpoint_solver_cost"": 1}, {""scope_width"": 3, ""max_tuple_count"": 15, ""total_tuple_count"": 56, ""max_log_tuple_count"": 4.0, ""max_bitset_bytes"": 2, ""total_bitset_bytes"": 11, ""birth_count"": 2, ""generation_depth"": 2, ""discovery_work"": 920, ""endpoint_solver_cost"": 5}, {""scope_width"": 3, ""max_tuple_count"": 15, ""total_tuple_count"": 57, ""max_log_tuple_count"": 4.0, ""max_bitset_bytes"": 2, ""total_bitset_bytes"": 11, ""birth_count"": 2, ""generation_depth"": 2, ""discovery_work"": 911, ""endpoint_solver_cost"": 7}]",clause_level,v02-random-exact-n4-s5,,1,3,LCA,True,v0.2 exact suite
2,clause_BCA,,477,True,"[{""scope_width"": 1, ""max_tuple_count"": 15, ""total_tuple_count"": 46, ""max_log_tuple_count"": 4.0, ""max_bitset_bytes"": 2, ""total_bitset_bytes"": 10, ""birth_count"": 1, ""generation_depth"": 1, ""discovery_work"": 30, ""endpoint_solver_cost"": 44}, {""scope_width"": 2, ""max_tuple_count"": 15, ""total_tuple_count"": 47, ""max_log_tuple_count"": 4.0, ""max_bitset_bytes"": 2, ""total_bitset_bytes"": 11, ""birth_count"": 2, ""generation_depth"": 2, ""discovery_work"": 53, ""endpoint_solver_cost"": 43}, {""scope_width"": 3, ""max_tuple_count"": 15, ""total_tuple_count"": 49, ""max_log_tuple_count"": 4.0, ""max_bitset_bytes"": 2, ""total_bitset_bytes"": 11, ""birth_count"": 2, ""generation_depth"": 1, ""discovery_work"": 68, ""endpoint_solver_cost"": 39}, {""scope_width"": 3, ""max_tuple_count"": 15, ""total_tuple_count"": 49, ""max_log_tuple_count"": 4.0, ""max_bitset_bytes"": 2, ""total_bitset_bytes"": 11, ""birth_count"": 2, ""generation_depth"": 2, ""discovery_work"": 72, ""endpoint_solver_cost"": 37}, {""scope_width"": 3, ""max_tuple_count"": 15, ""total_tuple_count"": 53, ""max_log_tuple_count"": 4.0, ""max_bitset_bytes"": 2, ""total_bitset_bytes"": 11, ""birth_count"": 2, ""generation_depth"": 1, ""discovery_work"": 194, ""endpoint_solver_cost"": 37}, {""scope_width"": 4, ""max_tuple_count"": 15, ""total_tuple_count"": 53, ""max_log_tuple_count"": 4.0, ""max_bitset_bytes"": 2, ""total_bitset_bytes"": 12, ""birth_count"": 2, ""generation_depth"": 1, ""discovery_work"": 65, ""endpoint_solver_cost"": 43}, {""scope_width"": 4, ""max_tuple_count"": 15, ""total_tuple_count"": 53, ""max_log_tuple_count"": 4.0, ""max_bitset_bytes"": 2, ""total_bitset_bytes"": 12, ""birth_count"": 2, ""generation_depth"": 1, ""discovery_work"": 88, ""endpoint_solver_cost"": 35}, {""scope_width"": 4, ""max_tuple_count"": 15, ""total_tuple_count"": 53, ""max_log_tuple_count"": 4.0, ""max_bitset_bytes"": 2, ""total_bitset_bytes"": 13, ""birth_count"": 2, ""generation_depth"": 2, ""discovery_work"": 100, ""endpoint_solver_cost"": 29}, {""scope_width"": 4, ""max_tuple_count"": 15, ""total_tuple_count"": 54, ""max_log_tuple_count"": 4.0, ""max_bitset_bytes"": 2, ""total_bitset_bytes"": 12, ""birth_count"": 2, ""generation_depth"": 2, ""discovery_work"": 194, ""endpoint_solver_cost"": 28}, {""scope_width"": 4, ""max_tuple_count"": 15, ""total_tuple_count"": 57, ""max_log_tuple_count"": 4.0, ""max_bitset_bytes"": 2, ""total_bitset_bytes"": 12, ""birth_count"": 2, ""generation_depth"": 1, ""discovery_work"": 104, ""endpoint_solver_cost"": 33}]",clause_level,v02-random-exact-n4-s5,,1,1,BCA,True,v0.2 exact suite
,legacy_v01_LCA,0,2,True,"[{""scope_width"": 0, ""max_tuple_count"": 7, ""total_tuple_count"": 16, ""max_log_tuple_count"": 3.0, ""max_bitset_bytes"": 1, ""total_bitset_bytes"": 6, ""birth_count"": 0, ""generation_depth"": 0, ""discovery_work"": 0, ""endpoint_solver_cost"": 16}]",legacy_scope_grouping,v02-random-exact-n4-s6,True,0,0,LCA,True,v0.2 exact suite
4,clause_LCA,,2,True,"[{""scope_width"": 0, ""max_tuple_count"": 7, ""total_tuple_count"": 24, ""max_log_tuple_count"": 3.0, ""max_bitset_bytes"": 1, ""total_bitset_bytes"": 8, ""birth_count"": 0, ""generation_depth"": 0, ""discovery_work"": 0, ""endpoint_solver_cost"": 24}]",clause_level,v02-random-exact-n4-s6,,0,0,LCA,True,v0.2 exact suite
2,clause_BCA,,2,True,"[{""scope_width"": 0, ""max_tuple_count"": 7, ""total_tuple_count"": 24, ""max_log_tuple_count"": 3.0, ""max_bitset_bytes"": 1, ""total_bitset_bytes"": 8, ""birth_count"": 0, ""generation_depth"": 0, ""discovery_work"": 0, ""endpoint_solver_cost"": 24}]",clause_level,v02-random-exact-n4-s6,,0,0,BCA,True,v0.2 exact suite
,legacy_v01_LCA,3,12,True,"[{""scope_width"": 3, ""max_tuple_count"": 15, ""total_tuple_count"": 33, ""max_log_tuple_count"": 4.0, ""max_bitset_bytes"": 2, ""total_bitset_bytes"": 10, ""birth_count"": 1, ""generation_depth"": 1, ""discovery_work"": 354, ""endpoint_solver_cost"": 7}, {""scope_width"": 3, ""max_tuple_count"": 15, ""total_tuple_count"": 36, ""max_log_tuple_count"": 4.0, ""max_bitset_bytes"": 2, ""total_bitset_bytes"": 11, ""birth_count"": 2, ""generation_depth"": 2, ""discovery_work"": 141, ""endpoint_solver_cost"": 2}, {""scope_width"": 3, ""max_tuple_count"": 15, ""total_tuple_count"": 38, ""max_log_tuple_count"": 4.0, ""max_bitset_bytes"": 2, ""total_bitset_bytes"": 10, ""birth_count"": 1, ""generation_depth"": 1, ""discovery_work"": 295, ""endpoint_solver_cost"": 12}, {""scope_width"": 3, ""max_tuple_count"": 15, ""total_tuple_count"": 39, ""max_log_tuple_count"": 4.0, ""max_bitset_bytes"": 2, ""total_bitset_bytes"": 11, ""birth_count"": 2, ""generation_depth"": 2, ""discovery_work"": 139, ""endpoint_solver_cost"": 8}]",legacy_scope_grouping,v02-random-exact-n4-s7,True,1,3,LCA,True,v0.2 exact suite
4,clause_LCA,,12,True,"[{""scope_width"": 3, ""max_tuple_count"": 15, ""total_tuple_count"": 33, ""max_log_tuple_count"": 4.0, ""max_bitset_bytes"": 2, ""total_bitset_bytes"": 10, ""birth_count"": 1, ""generation_depth"": 1, ""discovery_work"": 354, ""endpoint_solver_cost"": 7}, {""scope_width"": 3, ""max_tuple_count"": 15, ""total_tuple_count"": 36, ""max_log_tuple_count"": 4.0, ""max_bitset_bytes"": 2, ""total_bitset_bytes"": 11, ""birth_count"": 2, ""generation_depth"": 2, ""discovery_work"": 141, ""endpoint_solver_cost"": 2}, {""scope_width"": 3, ""max_tuple_count"": 15, ""total_tuple_count"": 38, ""max_log_tuple_count"": 4.0, ""max_bitset_bytes"": 2, ""total_bitset_bytes"": 10, ""birth_count"": 1, ""generation_depth"": 1, ""discovery_work"": 295, ""endpoint_solver_cost"": 12}, {""scope_width"": 3, ""max_tuple_count"": 15, ""total_tuple_count"": 39, ""max_log_tuple_count"": 4.0, ""max_bitset_bytes"": 2, ""total_bitset_bytes"": 11, ""birth_count"": 2, ""generation_depth"": 2, ""discovery_work"": 139, ""endpoint_solver_cost"": 8}]",clause_level,v02-random-exact-n4-s7,,1,3,LCA,True,v0.2 exact suite
2,clause_BCA,,565,True,"[{""scope_width"": 3, ""max_tuple_count"": 15, ""total_tuple_count"": 34, ""max_log_tuple_count"": 4.0, ""max_bitset_bytes"": 2, ""total_bitset_bytes"": 11, ""birth_count"": 2, ""generation_depth"": 2, ""discovery_work"": 69, ""endpoint_solver_cost"": 24}, {""scope_width"": 3, ""max_tuple_count"": 15, ""total_tuple_count"": 34, ""max_log_tuple_count"": 4.0, ""max_bitset_bytes"": 2, ""total_bitset_bytes"": 11, ""birth_count"": 2, ""generation_depth"": 2, ""discovery_work"": 74, ""endpoint_solver_cost"": 22}, {""scope_width"": 3, ""max_tuple_count"": 15, ""total_tuple_count"": 35, ""max_log_tuple_count"": 4.0, ""max_bitset_bytes"": 2, ""total_bitset_bytes"": 10, ""birth_count"": 1, ""generation_depth"": 1, ""discovery_work"": 45, ""endpoint_solver_cost"": 27}, {""scope_width"": 3, ""max_tuple_count"": 15, ""total_tuple_count"": 36, ""max_log_tuple_count"": 4.0, ""max_bitset_bytes"": 2, ""total_bitset_bytes"": 11, ""birth_count"": 2, ""generation_depth"": 1, ""discovery_work"": 68, ""endpoint_solver_cost"": 26}, {""scope_width"": 3, ""max_tuple_count"": 15, ""total_tuple_count"": 36, ""max_log_tuple_count"": 4.0, ""max_bitset_bytes"": 2, ""total_bitset_bytes"": 11, ""birth_count"": 2, ""generation_depth"": 1, ""discovery_work"": 73, ""endpoint_solver_cost"": 24}, {""scope_width"": 4, ""max_tuple_count"": 15, ""total_tuple_count"": 40, ""max_log_tuple_count"": 4.0, ""max_bitset_bytes"": 2, ""total_bitset_bytes"": 12, ""birth_count"": 2, ""generation_depth"": 2, ""discovery_work"": 193, ""endpoint_solver_cost"": 14}, {""scope_width"": 4, ""max_tuple_count"": 15, ""total_tuple_count"": 42, ""max_log_tuple_count"": 4.0, ""max_bitset_bytes"": 2, ""total_bitset_bytes"": 12, ""birth_count"": 2, ""generation_depth"": 1, ""discovery_work"": 103, ""endpoint_solver_cost"": 18}]",clause_level,v02-random-exact-n4-s7,,1,3,BCA,True,v0.2 exact suite
,legacy_v01_LCA,0,2,True,"[{""scope_width"": 0, ""max_tuple_count"": 14, ""total_tuple_count"": 27, ""max_log_tuple_count"": 3.9068905956085187, ""max_bitset_bytes"": 2, ""total_bitset_bytes"": 6, ""birth_count"": 0, ""generation_depth"": 0, ""discovery_work"": 0, ""endpoint_solver_cost"": 27}]",legacy_scope_grouping,v02-random-exact-n4-s8,True,0,0,LCA,True,v0.2 exact suite
4,clause_LCA,,2,True,"[{""scope_width"": 0, ""max_tuple_count"": 15, ""total_tuple_count"": 54, ""max_log_tuple_count"": 4.0, ""max_bitset_bytes"": 2, ""total_bitset_bytes"": 10, ""birth_count"": 0, ""generation_depth"": 0, ""discovery_work"": 0, ""endpoint_solver_cost"": 54}]",clause_level,v02-random-exact-n4-s8,,0,0,LCA,True,v0.2 exact suite
2,clause_BCA,,2,True,"[{""scope_width"": 0, ""max_tuple_count"": 15, ""total_tuple_count"": 54, ""max_log_tuple_count"": 4.0, ""max_bitset_bytes"": 2, ""total_bitset_bytes"": 10, ""birth_count"": 0, ""generation_depth"": 0, ""discovery_work"": 0, ""endpoint_solver_cost"": 54}]",clause_level,v02-random-exact-n4-s8,,0,0,BCA,True,v0.2 exact suite
,legacy_v01_LCA,0,2,True,"[{""scope_width"": 0, ""max_tuple_count"": 14, ""total_tuple_count"": 21, ""max_log_tuple_count"": 3.9068905956085187, ""max_bitset_bytes"": 2, ""total_bitset_bytes"": 7, ""birth_count"": 0, ""generation_depth"": 0, ""discovery_work"": 0, ""endpoint_solver_cost"": 21}]",legacy_scope_grouping,v02-random-exact-n4-s9,True,0,0,LCA,True,v0.2 exact suite
4,clause_LCA,,2,True,"[{""scope_width"": 0, ""max_tuple_count"": 15, ""total_tuple_count"": 38, ""max_log_tuple_count"": 4.0, ""max_bitset_bytes"": 2, ""total_bitset_bytes"": 10, ""birth_count"": 0, ""generation_depth"": 0, ""discovery_work"": 0, ""endpoint_solver_cost"": 38}]",clause_level,v02-random-exact-n4-s9,,0,0,LCA,True,v0.2 exact suite
2,clause_BCA,,2,True,"[{""scope_width"": 0, ""max_tuple_count"": 15, ""total_tuple_count"": 38, ""max_log_tuple_count"": 4.0, ""max_bitset_bytes"": 2, ""total_bitset_bytes"": 10, ""birth_count"": 0, ""generation_depth"": 0, ""discovery_work"": 0, ""endpoint_solver_cost"": 38}]",clause_level,v02-random-exact-n4-s9,,0,0,BCA,True,v0.2 exact suite
,legacy_v01_LCA,3,32,True,"[{""scope_width"": 3, ""max_tuple_count"": 15, ""total_tuple_count"": 65, ""max_log_tuple_count"": 4.0, ""max_bitset_bytes"": 2, ""total_bitset_bytes"": 13, ""birth_count"": 2, ""generation_depth"": 2, ""discovery_work"": 720, ""endpoint_solver_cost"": 7}, {""scope_width"": 3, ""max_tuple_count"": 15, ""total_tuple_count"": 68, ""max_log_tuple_count"": 4.0, ""max_bitset_bytes"": 2, ""total_bitset_bytes"": 13, ""birth_count"": 2, ""generation_depth"": 1, ""discovery_work"": 662, ""endpoint_solver_cost"": 20}, {""scope_width"": 3, ""max_tuple_count"": 15, ""total_tuple_count"": 68, ""max_log_tuple_count"": 4.0, ""max_bitset_bytes"": 2, ""total_bitset_bytes"": 13, ""birth_count"": 2, ""generation_depth"": 2, ""discovery_work"": 606, ""endpoint_solver_cost"": 18}, {""scope_width"": 3, ""max_tuple_count"": 15, ""total_tuple_count"": 71, ""max_log_tuple_count"": 4.0, ""max_bitset_bytes"": 2, ""total_bitset_bytes"": 14, ""birth_count"": 3, ""generation_depth"": 3, ""discovery_work"": 872, ""endpoint_solver_cost"": 4}, {""scope_width"": 4, ""max_tuple_count"": 15, ""total_tuple_count"": 63, ""max_log_tuple_count"": 4.0, ""max_bitset_bytes"": 2, ""total_bitset_bytes"": 13, ""birth_count"": 1, ""generation_depth"": 1, ""discovery_work"": 1077, ""endpoint_solver_cost"": 15}]",legacy_scope_grouping,v02-random-exact-n5-s0,True,1,3,LCA,True,v0.2 exact suite
5,clause_LCA,,32,True,"[{""scope_width"": 3, ""max_tuple_count"": 15, ""total_tuple_count"": 65, ""max_log_tuple_count"": 4.0, ""max_bitset_bytes"": 2, ""total_bitset_bytes"": 13, ""birth_count"": 2, ""generation_depth"": 2, ""discovery_work"": 720, ""endpoint_solver_cost"": 7}, {""scope_width"": 3, ""max_tuple_count"": 15, ""total_tuple_count"": 68, ""max_log_tuple_count"": 4.0, ""max_bitset_bytes"": 2, ""total_bitset_bytes"": 13, ""birth_count"": 2, ""generation_depth"": 1, ""discovery_work"": 662, ""endpoint_solver_cost"": 20}, {""scope_width"": 3, ""max_tuple_count"": 15, ""total_tuple_count"": 68, ""max_log_tuple_count"": 4.0, ""max_bitset_bytes"": 2, ""total_bitset_bytes"": 13, ""birth_count"": 2, ""generation_depth"": 2, ""discovery_work"": 606, ""endpoint_solver_cost"": 18}, {""scope_width"": 3, ""max_tuple_count"": 15, ""total_tuple_count"": 71, ""max_log_tuple_count"": 4.0, ""max_bitset_bytes"": 2, ""total_bitset_bytes"": 14, ""birth_count"": 3, ""generation_depth"": 3, ""discovery_work"": 872, ""endpoint_solver_cost"": 4}, {""scope_width"": 4, ""max_tuple_count"": 15, ""total_tuple_count"": 63, ""max_log_tuple_count"": 4.0, ""max_bitset_bytes"": 2, ""total_bitset_bytes"": 13, ""birth_count"": 1, ""generation_depth"": 1, ""discovery_work"": 1077, ""endpoint_solver_cost"": 15}]",clause_level,v02-random-exact-n5-s0,,1,3,LCA,True,v0.2 exact suite
2,clause_BCA,,1235,True,"[{""scope_width"": 4, ""max_tuple_count"": 15, ""total_tuple_count"": 68, ""max_log_tuple_count"": 4.0, ""max_bitset_bytes"": 2, ""total_bitset_bytes"": 15, ""birth_count"": 2, ""generation_depth"": 1, ""discovery_work"": 139, ""endpoint_solver_cost"": 36}]",clause_level,v02-random-exact-n5-s0,,2,4,BCA,True,v0.2 exact suite
,legacy_v01_LCA,3,13,True,"[{""scope_width"": 3, ""max_tuple_count"": 15, ""total_tuple_count"": 47, ""max_log_tuple_count"": 4.0, ""max_bitset_bytes"": 2, ""total_bitset_bytes"": 10, ""birth_count"": 1, ""generation_depth"": 1, ""discovery_work"": 307, ""endpoint_solver_cost"": 25}, {""scope_width"": 3, ""max_tuple_count"": 15, ""total_tuple_count"": 47, ""max_log_tuple_count"": 4.0, ""max_bitset_bytes"": 2, ""total_bitset_bytes"": 11, ""birth_count"": 2, ""generation_depth"": 2, ""discovery_work"": 108, ""endpoint_solver_cost"": 8}, {""scope_width"": 3, ""max_tuple_count"": 15, ""total_tuple_count"": 52, ""max_log_tuple_count"": 4.0, ""max_bitset_bytes"": 2, ""total_bitset_bytes"": 11, ""birth_count"": 2, ""generation_depth"": 2, ""discovery_work"": 803, ""endpoint_solver_cost"": 5}, {""scope_width"": 3, ""max_tuple_count"": 15, ""total_tuple_count"": 55, ""max_log_tuple_count"": 4.0, ""max_bitset_bytes"": 2, ""total_bitset_bytes"": 11, ""birth_count"": 2, ""generation_depth"": 1, ""discovery_work"": 410, ""endpoint_solver_cost"": 20}, {""scope_width"": 4, ""max_tuple_count"": 15, ""total_tuple_count"": 39, ""max_log_tuple_count"": 4.0, ""max_bitset_bytes"": 2, ""total_bitset_bytes"": 11, ""birth_count"": 1, ""generation_depth"": 1, ""discovery_work"": 5, ""endpoint_solver_cost"": 14}]",legacy_scope_grouping,v02-random-exact-n5-s1,True,1,3,LCA,True,v0.2 exact suite
5,clause_LCA,,13,True,"[{""scope_width"": 3, ""max_tuple_count"": 15, ""total_tuple_count"": 49, ""max_log_tuple_count"": 4.0, ""max_bitset_bytes"": 2, ""total_bitset_bytes"": 11, ""birth_count"": 1, ""generation_depth"": 1, ""discovery_work"": 307, ""endpoint_solver_cost"": 27}, {""scope_width"": 3, ""max_tuple_count"": 15, ""total_tuple_count"": 49, ""max_log_tuple_count"": 4.0, ""max_bitset_bytes"": 2, ""total_bitset_bytes"": 12, ""birth_count"": 2, ""generation_depth"": 2, ""discovery_work"": 152, ""endpoint_solver_cost"": 8}, {""scope_width"": 3, ""max_tuple_count"": 15, ""total_tuple_count"": 54, ""max_log_tuple_count"": 4.0, ""max_bitset_bytes"": 2, ""total_bitset_bytes"": 12, ""birth_count"": 2, ""generation_depth"": 2, ""discovery_work"": 803, ""endpoint_solver_cost"": 7}, {""scope_width"": 3, ""max_tuple_count"": 15, ""total_tuple_count"": 57, ""max_log_tuple_count"": 4.0, ""max_bitset_bytes"": 2, ""total_bitset_bytes"": 12, ""birth_count"": 2, ""generation_depth"": 1, ""discovery_work"": 410, ""endpoint_solver_cost"": 22}, {""scope_width"": 4, ""max_tuple_count"": 15, ""total_tuple_count"": 41, ""max_log_tuple_count"": 4.0, ""max_bitset_bytes"": 2, ""total_bitset_bytes"": 12, ""birth_count"": 1, ""generation_depth"": 1, ""discovery_work"": 49, ""endpoint_solver_cost"": 14}]",clause_level,v02-random-exact-n5-s1,,1,3,LCA,True,v0.2 exact suite
2,clause_BCA,,944,True,"[{""scope_width"": 1, ""max_tuple_count"": 15, ""total_tuple_count"": 41, ""max_log_tuple_count"": 4.0, ""max_bitset_bytes"": 2, ""total_bitset_bytes"": 11, ""birth_count"": 1, ""generation_depth"": 1, ""discovery_work"": 38, ""endpoint_solver_cost"": 39}, {""scope_width"": 2, ""max_tuple_count"": 15, ""total_tuple_count"": 42, ""max_log_tuple_count"": 4.0, ""max_bitset_bytes"": 2, ""total_bitset_bytes"": 12, ""birth_count"": 2, ""generation_depth"": 1, ""discovery_work"": 73, ""endpoint_solver_cost"": 36}, {""scope_width"": 2, ""max_tuple_count"": 15, ""total_tuple_count"": 42, ""max_log_tuple_count"": 4.0, ""max_bitset_bytes"": 2, ""total_bitset_bytes"": 12, ""birth_count"": 2, ""generation_depth"": 2, ""discovery_work"": 68, ""endpoint_solver_cost"": 38}, {""scope_width"": 3, ""max_tuple_count"": 15, ""total_tuple_count"": 44, ""max_log_tuple_count"": 4.0, ""max_bitset_bytes"": 2, ""total_bitset_bytes"": 12, ""birth_count"": 2, ""generation_depth"": 1, ""discovery_work"": 72, ""endpoint_solver_cost"": 38}, {""scope_width"": 3, ""max_tuple_count"": 15, ""total_tuple_count"": 44, ""max_log_tuple_count"": 4.0, ""max_bitset_bytes"": 2, ""total_bitset_bytes"": 12, ""birth_count"": 2, ""generation_depth"": 1, ""discovery_work"": 83, ""endpoint_solver_cost"": 34}, {""scope_width"": 3, ""max_tuple_count"": 15, ""total_tuple_count"": 44, ""max_log_tuple_count"": 4.0, ""max_bitset_bytes"": 2, ""total_bitset_bytes"": 12, ""birth_count"": 2, ""generation_depth"": 2, ""discovery_work"": 87, ""endpoint_solver_cost"": 32}, {""scope_width"": 3, ""max_tuple_count"": 15, ""total_tuple_count"": 48, ""max_log_tuple_count"": 4.0, ""max_bitset_bytes"": 2, ""total_bitset_bytes"": 12, ""birth_count"": 2, ""generation_depth"": 2, ""discovery_work"": 210, ""endpoint_solver_cost"": 22}, {""scope_width"": 3, ""max_tuple_count"": 15, ""total_tuple_count"": 49, ""max_log_tuple_count"": 4.0, ""max_bitset_bytes"": 2, ""total_bitset_bytes"": 11, ""birth_count"": 1, ""generation_depth"": 1, ""discovery_work"": 338, ""endpoint_solver_cost"": 27}, {""scope_width"": 3, ""max_tuple_count"": 15, ""total_tuple_count"": 50, ""max_log_tuple_count"": 4.0, ""max_bitset_bytes"": 2, ""total_bitset_bytes"": 12, ""birth_count"": 2, ""generation_depth"": 1, ""discovery_work"": 368, ""endpoint_solver_cost"": 26}, {""scope_width"": 3, ""max_tuple_count"": 15, ""total_tuple_count"": 50, ""max_log_tuple_count"": 4.0, ""max_bitset_bytes"": 2, ""total_bitset_bytes"": 12, ""birth_count"": 2, ""generation_depth"": 1, ""discovery_work"": 373, ""endpoint_solver_cost"": 24}, {""scope_width"": 3, ""max_tuple_count"": 15, ""total_tuple_count"": 52, ""max_log_tuple_count"": 4.0, ""max_bitset_bytes"": 2, ""total_bitset_bytes"": 12, ""birth_count"": 2, ""generation_depth"": 1, ""discovery_work"": 383, ""endpoint_solver_cost"": 22}, {""scope_width"": 4, ""max_tuple_count"": 15, ""total_tuple_count"": 45, ""max_log_tuple_count"": 4.0, ""max_bitset_bytes"": 2, ""total_bitset_bytes"": 13, ""birth_count"": 2, ""generation_depth"": 2, ""discovery_work"": 106, ""endpoint_solver_cost"": 27}, {""scope_width"": 4, ""max_tuple_count"": 15, ""total_tuple_count"": 46, ""max_log_tuple_count"": 4.0, ""max_bitset_bytes"": 2, ""total_bitset_bytes"": 13, ""birth_count"": 2, ""generation_depth"": 2, ""discovery_work"": 113, ""endpoint_solver_cost"": 26}, {""scope_width"": 4, ""max_tuple_count"": 15, ""total_tuple_count"": 48, ""max_log_tuple_count"": 4.0, ""max_bitset_bytes"": 2, ""total_bitset_bytes"": 12, ""birth_count"": 1, ""generation_depth"": 1, ""discovery_work"": 73, ""endpoint_solver_cost"": 32}, {""scope_width"": 4, ""max_tuple_count"": 15, ""total_tuple_count"": 48, ""max_log_tuple_count"": 4.0, ""max_bitset_bytes"": 2, ""total_bitset_bytes"": 14, ""birth_count"": 2, ""generation_depth"": 2, ""discovery_work"": 115, ""endpoint_solver_cost"": 24}, {""scope_width"": 4, ""max_tuple_count"": 15, ""total_tuple_count"": 49, ""max_log_tuple_count"": 4.0, ""max_bitset_bytes"": 2, ""total_bitset_bytes"": 13, ""birth_count"": 2, ""generation_depth"": 1, ""discovery_work"": 108, ""endpoint_solver_cost"": 29}, {""scope_width"": 4, ""max_tuple_count"": 15, ""total_tuple_count"": 51, ""max_log_tuple_count"": 4.0, ""max_bitset_bytes"": 2, ""total_bitset_bytes"": 13, ""birth_count"": 2, ""generation_depth"": 1, ""discovery_work"": 107, ""endpoint_solver_cost"": 31}, {""scope_width"": 4, ""max_tuple_count"": 15, ""total_tuple_count"": 51, ""max_log_tuple_count"": 4.0, ""max_bitset_bytes"": 2, ""total_bitset_bytes"": 13, ""birth_count"": 2, ""generation_depth"": 1, ""discovery_work"": 118, ""endpoint_solver_cost"": 27}]",clause_level,v02-random-exact-n5-s1,,1,1,BCA,True,v0.2 exact suite
,legacy_v01_LCA,3,32,True,"[{""scope_width"": 3, ""max_tuple_count"": 15, ""total_tuple_count"": 65, ""max_log_tuple_count"": 4.0, ""max_bitset_bytes"": 2, ""total_bitset_bytes"": 13, ""birth_count"": 2, ""generation_depth"": 2, ""discovery_work"": 965, ""endpoint_solver_cost"": 6}, {""scope_width"": 3, ""max_tuple_count"": 15, ""total_tuple_count"": 68, ""max_log_tuple_count"": 4.0, ""max_bitset_bytes"": 2, ""total_bitset_bytes"": 13, ""birth_count"": 2, ""generation_depth"": 2, ""discovery_work"": 880, ""endpoint_solver_cost"": 14}, {""scope_width"": 3, ""max_tuple_count"": 15, ""total_tuple_count"": 69, ""max_log_tuple_count"": 4.0, ""max_bitset_bytes"": 2, ""total_bitset_bytes"": 13, ""birth_count"": 2, ""generation_depth"": 2, ""discovery_work"": 821, ""endpoint_solver_cost"": 10}, {""scope_width"": 3, ""max_tuple_count"": 15, ""total_tuple_count"": 70, ""max_log_tuple_count"": 4.0, ""max_bitset_bytes"": 2, ""total_bitset_bytes"": 13, ""birth_count"": 2, ""generation_depth"": 1, ""discovery_work"": 596, ""endpoint_solver_cost"": 25}, {""scope_width"": 3, ""max_tuple_count"": 15, ""total_tuple_count"": 70, ""max_log_tuple_count"": 4.0, ""max_bitset_bytes"": 2, ""total_bitset_bytes"": 13, ""birth_count"": 2, ""generation_depth"": 2, ""discovery_work"": 664, ""endpoint_solver_cost"": 9}, {""scope_width"": 3, ""max_tuple_count"": 15, ""total_tuple_count"": 70, ""max_log_tuple_count"": 4.0, ""max_bitset_bytes"": 2, ""total_bitset_bytes"": 14, ""birth_count"": 3, ""generation_depth"": 3, ""discovery_work"": 967, ""endpoint_solver_cost"": 3}, {""scope_width"": 3, ""max_tuple_count"": 15, ""total_tuple_count"": 71, ""max_log_tuple_count"": 4.0, ""max_bitset_bytes"": 2, ""total_bitset_bytes"": 14, ""birth_count"": 3, ""generation_depth"": 3, ""discovery_work"": 931, ""endpoint_solver_cost"": 4}, {""scope_width"": 4, ""max_tuple_count"": 15, ""total_tuple_count"": 63, ""max_log_tuple_count"": 4.0, ""max_bitset_bytes"": 2, ""total_bitset_bytes"": 13, ""birth_count"": 1, ""generation_depth"": 1, ""discovery_work"": 1090, ""endpoint_solver_cost"": 18}, {""scope_width"": 4, ""max_tuple_count"": 15, ""total_tuple_count"": 65, ""max_log_tuple_count"": 4.0, ""max_bitset_bytes"": 2, ""total_bitset_bytes"": 14, ""birth_count"": 2, ""generation_depth"": 2, ""discovery_work"": 1219, ""endpoint_solver_cost"": 4}, {""scope_width"": 4, ""max_tuple_count"": 15, ""total_tuple_count"": 71, ""max_log_tuple_count"": 4.0, ""max_bitset_bytes"": 2, ""total_bitset_bytes"": 14, ""birth_count"": 2, ""generation_depth"": 2, ""discovery_work"": 788, ""endpoint_solver_cost"": 6}]",legacy_scope_grouping,v02-random-exact-n5-s2,True,1,3,LCA,True,v0.2 exact suite
5,clause_LCA,,33,True,"[{""scope_width"": 3, ""max_tuple_count"": 15, ""total_tuple_count"": 65, ""max_log_tuple_count"": 4.0, ""max_bitset_bytes"": 2, ""total_bitset_bytes"": 13, ""birth_count"": 2, ""generation_depth"": 2, ""discovery_work"": 965, ""endpoint_solver_cost"": 6}, {""scope_width"": 3, ""max_tuple_count"": 15, ""total_tuple_count"": 68, ""max_log_tuple_count"": 4.0, ""max_bitset_bytes"": 2, ""total_bitset_bytes"": 13, ""birth_count"": 2, ""generation_depth"": 2, ""discovery_work"": 880, ""endpoint_solver_cost"": 14}, {""scope_width"": 3, ""max_tuple_count"": 15, ""total_tuple_count"": 69, ""max_log_tuple_count"": 4.0, ""max_bitset_bytes"": 2, ""total_bitset_bytes"": 13, ""birth_count"": 2, ""generation_depth"": 2, ""discovery_work"": 821, ""endpoint_solver_cost"": 10}, {""scope_width"": 3, ""max_tuple_count"": 15, ""total_tuple_count"": 70, ""max_log_tuple_count"": 4.0, ""max_bitset_bytes"": 2, ""total_bitset_bytes"": 13, ""birth_count"": 2, ""generation_depth"": 1, ""discovery_work"": 596, ""endpoint_solver_cost"": 25}, {""scope_width"": 3, ""max_tuple_count"": 15, ""total_tuple_count"": 70, ""max_log_tuple_count"": 4.0, ""max_bitset_bytes"": 2, ""total_bitset_bytes"": 13, ""birth_count"": 2, ""generation_depth"": 2, ""discovery_work"": 664, ""endpoint_solver_cost"": 9}, {""scope_width"": 3, ""max_tuple_count"": 15, ""total_tuple_count"": 70, ""max_log_tuple_count"": 4.0, ""max_bitset_bytes"": 2, ""total_bitset_bytes"": 14, ""birth_count"": 3, ""generation_depth"": 3, ""discovery_work"": 967, ""endpoint_solver_cost"": 3}, {""scope_width"": 3, ""max_tuple_count"": 15, ""total_tuple_count"": 71, ""max_log_tuple_count"": 4.0, ""max_bitset_bytes"": 2, ""total_bitset_bytes"": 14, ""birth_count"": 3, ""generation_depth"": 3, ""discovery_work"": 931, ""endpoint_solver_cost"": 4}, {""scope_width"": 4, ""max_tuple_count"": 15, ""total_tuple_count"": 63, ""max_log_tuple_count"": 4.0, ""max_bitset_bytes"": 2, ""total_bitset_bytes"": 13, ""birth_count"": 1, ""generation_depth"": 1, ""discovery_work"": 1090, ""endpoint_solver_cost"": 18}, {""scope_width"": 4, ""max_tuple_count"": 15, ""total_tuple_count"": 65, ""max_log_tuple_count"": 4.0, ""max_bitset_bytes"": 2, ""total_bitset_bytes"": 14, ""birth_count"": 2, ""generation_depth"": 2, ""discovery_work"": 1219, ""endpoint_solver_cost"": 4}, {""scope_width"": 4, ""max_tuple_count"": 15, ""total_tuple_count"": 71, ""max_log_tuple_count"": 4.0, ""max_bitset_bytes"": 2, ""total_bitset_bytes"": 14, ""birth_count"": 2, ""generation_depth"": 2, ""discovery_work"": 788, ""endpoint_solver_cost"": 6}]",clause_level,v02-random-exact-n5-s2,,1,3,LCA,True,v0.2 exact suite
2,clause_BCA,,1291,True,"[{""scope_width"": 4, ""max_tuple_count"": 15, ""total_tuple_count"": 70, ""max_log_tuple_count"": 4.0, ""max_bitset_bytes"": 2, ""total_bitset_bytes"": 15, ""birth_count"": 2, ""generation_depth"": 1, ""discovery_work"": 139, ""endpoint_solver_cost"": 38}, {""scope_width"": 4, ""max_tuple_count"": 15, ""total_tuple_count"": 71, ""max_log_tuple_count"": 4.0, ""max_bitset_bytes"": 2, ""total_bitset_bytes"": 14, ""birth_count"": 2, ""generation_depth"": 1, ""discovery_work"": 140, ""endpoint_solver_cost"": 39}]",clause_level,v02-random-exact-n5-s2,,2,4,BCA,True,v0.2 exact suite
,legacy_v01_LCA,3,22,True,"[{""scope_width"": 3, ""max_tuple_count"": 14, ""total_tuple_count"": 50, ""max_log_tuple_count"": 3.9068905956085187, ""max_bitset_bytes"": 2, ""total_bitset_bytes"": 11, ""birth_count"": 2, ""generation_depth"": 2, ""discovery_work"": 254, ""endpoint_solver_cost"": 10}, {""scope_width"": 3, ""max_tuple_count"": 14, ""total_tuple_count"": 50, ""max_log_tuple_count"": 3.9068905956085187, ""max_bitset_bytes"": 2, ""total_bitset_bytes"": 11, ""birth_count"": 2, ""generation_depth"": 2, ""discovery_work"": 421, ""endpoint_solver_cost"": 4}, {""scope_width"": 3, ""max_tuple_count"": 14, ""total_tuple_count"": 51, ""max_log_tuple_count"": 3.9068905956085187, ""max_bitset_bytes"": 2, ""total_bitset_bytes"": 10, ""birth_count"": 1, ""generation_depth"": 1, ""discovery_work"": 288, ""endpoint_solver_cost"": 30}, {""scope_width"": 3, ""max_tuple_count"": 14, ""total_tuple_count"": 55, ""max_log_tuple_count"": 3.9068905956085187, ""max_bitset_bytes"": 2, ""total_bitset_bytes"": 11, ""birth_count"": 2, ""generation_depth"": 1, ""discovery_work"": 429, ""endpoint_solver_cost"": 13}, {""scope_width"": 4, ""max_tuple_count"": 14, ""total_tuple_count"": 57, ""max_log_tuple_count"": 3.9068905956085187, ""max_bitset_bytes"": 2, ""total_bitset_bytes"": 11, ""birth_count"": 1, ""generation_depth"": 1, ""discovery_work"": 1114, ""endpoint_solver_cost"": 19}]",legacy_scope_grouping,v02-random-exact-n5-s3,True,1,3,LCA,True,v0.2 exact suite
5,clause_LCA,,23,True,"[{""scope_width"": 3, ""max_tuple_count"": 15, ""total_tuple_count"": 82, ""max_log_tuple_count"": 4.0, ""max_bitset_bytes"": 2, ""total_bitset_bytes"": 15, ""birth_count"": 2, ""generation_depth"": 2, ""discovery_work"": 1211, ""endpoint_solver_cost"": 10}, {""scope_width"": 3, ""max_tuple_count"": 15, ""total_tuple_count"": 82, ""max_log_tuple_count"": 4.0, ""max_bitset_bytes"": 2, ""total_bitset_bytes"": 15, ""birth_count"": 2, ""generation_depth"": 2, ""discovery_work"": 1714, ""endpoint_solver_cost"": 4}, {""scope_width"": 3, ""max_tuple_count"": 15, ""total_tuple_count"": 83, ""max_log_tuple_count"": 4.0, ""max_bitset_bytes"": 2, ""total_bitset_bytes"": 14, ""birth_count"": 1, ""generation_depth"": 1, ""discovery_work"": 934, ""endpoint_solver_cost"": 46}, {""scope_width"": 3, ""max_tuple_count"": 15, ""total_tuple_count"": 87, ""max_log_tuple_count"": 4.0, ""max_bitset_bytes"": 2, ""total_bitset_bytes"": 15, ""birth_count"": 2, ""generation_depth"": 1, ""discovery_work"": 1722, ""endpoint_solver_cost"": 13}, {""scope_width"": 4, ""max_tuple_count"": 15, ""total_tuple_count"": 88, ""max_log_tuple_count"": 4.0, ""max_bitset_bytes"": 2, ""total_bitset_bytes"": 16, ""birth_count"": 2, ""generation_depth"": 2, ""discovery_work"": 1120, ""endpoint_solver_cost"": 10}, {""scope_width"": 4, ""max_tuple_count"": 15, ""total_tuple_count"": 89, ""max_log_tuple_count"": 4.0, ""max_bitset_bytes"": 2, ""total_bitset_bytes"": 15, ""birth_count"": 1, ""generation_depth"": 1, ""discovery_work"": 2917, ""endpoint_solver_cost"": 19}]",clause_level,v02-random-exact-n5-s3,,1,3,LCA,True,v0.2 exact suite
2,clause_BCA,,1127,True,"[{""scope_width"": 4, ""max_tuple_count"": 15, ""total_tuple_count"": 96, ""max_log_tuple_count"": 4.0, ""max_bitset_bytes"": 2, ""total_bitset_bytes"": 16, ""birth_count"": 2, ""generation_depth"": 2, ""discovery_work"": 939, ""endpoint_solver_cost"": 46}]",clause_level,v02-random-exact-n5-s3,,2,4,BCA,True,v0.2 exact suite
,legacy_v01_LCA,4,18,True,"[{""scope_width"": 4, ""max_tuple_count"": 15, ""total_tuple_count"": 64, ""max_log_tuple_count"": 4.0, ""max_bitset_bytes"": 2, ""total_bitset_bytes"": 12, ""birth_count"": 1, ""generation_depth"": 1, ""discovery_work"": 1628, ""endpoint_solver_cost"": 17}, {""scope_width"": 4, ""max_tuple_count"": 15, ""total_tuple_count"": 66, ""max_log_tuple_count"": 4.0, ""max_bitset_bytes"": 2, ""total_bitset_bytes"": 13, ""birth_count"": 2, ""generation_depth"": 2, ""discovery_work"": 874, ""endpoint_solver_cost"": 3}, {""scope_width"": 4, ""max_tuple_count"": 15, ""total_tuple_count"": 67, ""max_log_tuple_count"": 4.0, ""max_bitset_bytes"": 2, ""total_bitset_bytes"": 13, ""birth_count"": 2, ""generation_depth"": 2, ""discovery_work"": 778, ""endpoint_solver_cost"": 12}, {""scope_width"": 4, ""max_tuple_count"": 15, ""total_tuple_count"": 67, ""max_log_tuple_count"": 4.0, ""max_bitset_bytes"": 2, ""total_bitset_bytes"": 13, ""birth_count"": 2, ""generation_depth"": 2, ""discovery_work"": 842, ""endpoint_solver_cost"": 8}, {""scope_width"": 4, ""max_tuple_count"": 15, ""total_tuple_count"": 69, ""max_log_tuple_count"": 4.0, ""max_bitset_bytes"": 2, ""total_bitset_bytes"": 12, ""birth_count"": 1, ""generation_depth"": 1, ""discovery_work"": 1527, ""endpoint_solver_cost"": 26}, {""scope_width"": 4, ""max_tuple_count"": 15, ""total_tuple_count"": 69, ""max_log_tuple_count"": 4.0, ""max_bitset_bytes"": 2, ""total_bitset_bytes"": 13, ""birth_count"": 2, ""generation_depth"": 2, ""discovery_work"": 727, ""endpoint_solver_cost"": 17}, {""scope_width"": 4, ""max_tuple_count"": 16, ""total_tuple_count"": 71, ""max_log_tuple_count"": 4.087462841250339, ""max_bitset_bytes"": 2, ""total_bitset_bytes"": 12, ""birth_count"": 1, ""generation_depth"": 1, ""discovery_work"": 546, ""endpoint_solver_cost"": 42}]",legacy_scope_grouping,v02-random-exact-n5-s4,True,1,4,LCA,True,v0.2 exact suite
5,clause_LCA,,18,True,"[{""scope_width"": 4, ""max_tuple_count"": 15, ""total_tuple_count"": 80, ""max_log_tuple_count"": 4.0, ""max_bitset_bytes"": 2, ""total_bitset_bytes"": 14, ""birth_count"": 1, ""generation_depth"": 1, ""discovery_work"": 2876, ""endpoint_solver_cost"": 17}, {""scope_width"": 4, ""max_tuple_count"": 15, ""total_tuple_count"": 82, ""max_log_tuple_count"": 4.0, ""max_bitset_bytes"": 2, ""total_bitset_bytes"": 15, ""birth_count"": 2, ""generation_depth"": 2, ""discovery_work"": 1492, ""endpoint_solver_cost"": 3}, {""scope_width"": 4, ""max_tuple_count"": 15, ""total_tuple_count"": 83, ""max_log_tuple_count"": 4.0, ""max_bitset_bytes"": 2, ""total_bitset_bytes"": 15, ""birth_count"": 2, ""generation_depth"": 2, ""discovery_work"": 1396, ""endpoint_solver_cost"": 12}, {""scope_width"": 4, ""max_tuple_count"": 15, ""total_tuple_count"": 83, ""max_log_tuple_count"": 4.0, ""max_bitset_bytes"": 2, ""total_bitset_bytes"": 15, ""birth_count"": 2, ""generation_depth"": 2, ""discovery_work"": 1460, ""endpoint_solver_cost"": 8}, {""scope_width"": 4, ""max_tuple_count"": 15, ""total_tuple_count"": 85, ""max_log_tuple_count"": 4.0, ""max_bitset_bytes"": 2, ""total_bitset_bytes"": 14, ""birth_count"": 1, ""generation_depth"": 1, ""discovery_work"": 2775, ""endpoint_solver_cost"": 26}, {""scope_width"": 4, ""max_tuple_count"": 15, ""total_tuple_count"": 85, ""max_log_tuple_count"": 4.0, ""max_bitset_bytes"": 2, ""total_bitset_bytes"": 15, ""birth_count"": 2, ""generation_depth"": 2, ""discovery_work"": 1345, ""endpoint_solver_cost"": 17}, {""scope_width"": 4, ""max_tuple_count"": 16, ""total_tuple_count"": 87, ""max_log_tuple_count"": 4.087462841250339, ""max_bitset_bytes"": 2, ""total_bitset_bytes"": 14, ""birth_count"": 1, ""generation_depth"": 1, ""discovery_work"": 546, ""endpoint_solver_cost"": 58}]",clause_level,v02-random-exact-n5-s4,,1,4,LCA,True,v0.2 exact suite
2,clause_BCA,,1022,True,"[{""scope_width"": 3, ""max_tuple_count"": 15, ""total_tuple_count"": 75, ""max_log_tuple_count"": 4.0, ""max_bitset_bytes"": 2, ""total_bitset_bytes"": 13, ""birth_count"": 1, ""generation_depth"": 1, ""discovery_work"": 54, ""endpoint_solver_cost"": 67}, {""scope_width"": 3, ""max_tuple_count"": 15, ""total_tuple_count"": 78, ""max_log_tuple_count"": 4.0, ""max_bitset_bytes"": 2, ""total_bitset_bytes"": 14, ""birth_count"": 2, ""generation_depth"": 1, ""discovery_work"": 88, ""endpoint_solver_cost"": 66}, {""scope_width"": 3, ""max_tuple_count"": 15, ""total_tuple_count"": 78, ""max_log_tuple_count"": 4.0, ""max_bitset_bytes"": 2, ""total_bitset_bytes"": 14, ""birth_count"": 2, ""generation_depth"": 1, ""discovery_work"": 99, ""endpoint_solver_cost"": 62}, {""scope_width"": 4, ""max_tuple_count"": 15, ""total_tuple_count"": 76, ""max_log_tuple_count"": 4.0, ""max_bitset_bytes"": 2, ""total_bitset_bytes"": 15, ""birth_count"": 2, ""generation_depth"": 2, ""discovery_work"": 84, ""endpoint_solver_cost"": 66}, {""scope_width"": 4, ""max_tuple_count"": 15, ""total_tuple_count"": 82, ""max_log_tuple_count"": 4.0, ""max_bitset_bytes"": 2, ""total_bitset_bytes"": 15, ""birth_count"": 2, ""generation_depth"": 1, ""discovery_work"": 119, ""endpoint_solver_cost"": 58}, {""scope_width"": 4, ""max_tuple_count"": 15, ""total_tuple_count"": 85, ""max_log_tuple_count"": 4.0, ""max_bitset_bytes"": 2, ""total_bitset_bytes"": 16, ""birth_count"": 2, ""generation_depth"": 2, ""discovery_work"": 245, ""endpoint_solver_cost"": 55}, {""scope_width"": 4, ""max_tuple_count"": 15, ""total_tuple_count"": 89, ""max_log_tuple_count"": 4.0, ""max_bitset_bytes"": 2, ""total_bitset_bytes"": 15, ""birth_count"": 2, ""generation_depth"": 1, ""discovery_work"": 743, ""endpoint_solver_cost"": 51}]",clause_level,v02-random-exact-n5-s4,,1,3,BCA,True,v0.2 exact suite
,legacy_v01_LCA,3,9,True,"[{""scope_width"": 3, ""max_tuple_count"": 15, ""total_tuple_count"": 42, ""max_log_tuple_count"": 4.0, ""max_bitset_bytes"": 2, ""total_bitset_bytes"": 10, ""birth_count"": 1, ""generation_depth"": 1, ""discovery_work"": 5, ""endpoint_solver_cost"": 24}, {""scope_width"": 4, ""max_tuple_count"": 15, ""total_tuple_count"": 52, ""max_log_tuple_count"": 4.0, ""max_bitset_bytes"": 2, ""total_bitset_bytes"": 11, ""birth_count"": 1, ""generation_depth"": 1, ""discovery_work"": 1113, ""endpoint_solver_cost"": 11}, {""scope_width"": 4, ""max_tuple_count"": 15, ""total_tuple_count"": 57, ""max_log_tuple_count"": 4.0, ""max_bitset_bytes"": 2, ""total_bitset_bytes"": 11, ""birth_count"": 1, ""generation_depth"": 1, ""discovery_work"": 899, ""endpoint_solver_cost"": 20}]",legacy_scope_grouping,v02-random-exact-n5-s5,True,1,3,LCA,True,v0.2 exact suite
5,clause_LCA,,9,True,"[{""scope_width"": 3, ""max_tuple_count"": 15, ""total_tuple_count"": 51, ""max_log_tuple_count"": 4.0, ""max_bitset_bytes"": 2, ""total_bitset_bytes"": 12, ""birth_count"": 1, ""generation_depth"": 1, ""discovery_work"": 49, ""endpoint_solver_cost"": 31}, {""scope_width"": 3, ""max_tuple_count"": 15, ""total_tuple_count"": 59, ""max_log_tuple_count"": 4.0, ""max_bitset_bytes"": 2, ""total_bitset_bytes"": 12, ""birth_count"": 1, ""generation_depth"": 1, ""discovery_work"": 363, ""endpoint_solver_cost"": 29}, {""scope_width"": 4, ""max_tuple_count"": 15, ""total_tuple_count"": 61, ""max_log_tuple_count"": 4.0, ""max_bitset_bytes"": 2, ""total_bitset_bytes"": 13, ""birth_count"": 1, ""generation_depth"": 1, ""discovery_work"": 1385, ""endpoint_solver_cost"": 13}, {""scope_width"": 4, ""max_tuple_count"": 15, ""total_tuple_count"": 66, ""max_log_tuple_count"": 4.0, ""max_bitset_bytes"": 2, ""total_bitset_bytes"": 13, ""birth_count"": 1, ""generation_depth"": 1, ""discovery_work"": 1171, ""endpoint_solver_cost"": 22}]",clause_level,v02-random-exact-n5-s5,,1,3,LCA,True,v0.2 exact suite
2,clause_BCA,,790,True,"[{""scope_width"": 1, ""max_tuple_count"": 15, ""total_tuple_count"": 51, ""max_log_tuple_count"": 4.0, ""max_bitset_bytes"": 2, ""total_bitset_bytes"": 12, ""birth_count"": 1, ""generation_depth"": 1, ""discovery_work"": 38, ""endpoint_solver_cost"": 49}, {""scope_width"": 2, ""max_tuple_count"": 15, ""total_tuple_count"": 52, ""max_log_tuple_count"": 4.0, ""max_bitset_bytes"": 2, ""total_bitset_bytes"": 13, ""birth_count"": 2, ""generation_depth"": 1, ""discovery_work"": 68, ""endpoint_solver_cost"": 48}, {""scope_width"": 2, ""max_tuple_count"": 15, ""total_tuple_count"": 52, ""max_log_tuple_count"": 4.0, ""max_bitset_bytes"": 2, ""total_bitset_bytes"": 13, ""birth_count"": 2, ""generation_depth"": 2, ""discovery_work"": 73, ""endpoint_solver_cost"": 46}, {""scope_width"": 2, ""max_tuple_count"": 15, ""total_tuple_count"": 53, ""max_log_tuple_count"": 4.0, ""max_bitset_bytes"": 2, ""total_bitset_bytes"": 13, ""birth_count"": 2, ""generation_depth"": 1, ""discovery_work"": 74, ""endpoint_solver_cost"": 47}, {""scope_width"": 3, ""max_tuple_count"": 15, ""total_tuple_count"": 54, ""max_log_tuple_count"": 4.0, ""max_bitset_bytes"": 2, ""total_bitset_bytes"": 13, ""birth_count"": 2, ""generation_depth"": 1, ""discovery_work"": 83, ""endpoint_solver_cost"": 44}, {""scope_width"": 3, ""max_tuple_count"": 15, ""total_tuple_count"": 58, ""max_log_tuple_count"": 4.0, ""max_bitset_bytes"": 2, ""total_bitset_bytes"": 13, ""birth_count"": 2, ""generation_depth"": 1, ""discovery_work"": 209, ""endpoint_solver_cost"": 42}, {""scope_width"": 4, ""max_tuple_count"": 15, ""total_tuple_count"": 56, ""max_log_tuple_count"": 4.0, ""max_bitset_bytes"": 2, ""total_bitset_bytes"": 14, ""birth_count"": 2, ""generation_depth"": 2, ""discovery_work"": 108, ""endpoint_solver_cost"": 38}, {""scope_width"": 4, ""max_tuple_count"": 15, ""total_tuple_count"": 56, ""max_log_tuple_count"": 4.0, ""max_bitset_bytes"": 2, ""total_bitset_bytes"": 14, ""birth_count"": 2, ""generation_depth"": 2, ""discovery_work"": 113, ""endpoint_solver_cost"": 36}, {""scope_width"": 4, ""max_tuple_count"": 15, ""total_tuple_count"": 58, ""max_log_tuple_count"": 4.0, ""max_bitset_bytes"": 2, ""total_bitset_bytes"": 14, ""birth_count"": 2, ""generation_depth"": 1, ""discovery_work"": 103, ""endpoint_solver_cost"": 40}, {""scope_width"": 4, ""max_tuple_count"": 15, ""total_tuple_count"": 58, ""max_log_tuple_count"": 4.0, ""max_bitset_bytes"": 2, ""total_bitset_bytes"": 15, ""birth_count"": 2, ""generation_depth"": 2, ""discovery_work"": 92, ""endpoint_solver_cost"": 42}, {""scope_width"": 4, ""max_tuple_count"": 15, ""total_tuple_count"": 58, ""max_log_tuple_count"": 4.0, ""max_bitset_bytes"": 2, ""total_bitset_bytes"": 15, ""birth_count"": 2, ""generation_depth"": 2, ""discovery_work"": 115, ""endpoint_solver_cost"": 34}, {""scope_width"": 4, ""max_tuple_count"": 15, ""total_tuple_count"": 59, ""max_log_tuple_count"": 4.0, ""max_bitset_bytes"": 2, ""total_bitset_bytes"": 13, ""birth_count"": 1, ""generation_depth"": 1, ""discovery_work"": 74, ""endpoint_solver_cost"": 43}, {""scope_width"": 4, ""max_tuple_count"": 15, ""total_tuple_count"": 62, ""max_log_tuple_count"": 4.0, ""max_bitset_bytes"": 2, ""total_bitset_bytes"": 14, ""birth_count"": 2, ""generation_depth"": 1, ""discovery_work"": 119, ""endpoint_solver_cost"": 38}, {""scope_width"": 4, ""max_tuple_count"": 15, ""total_tuple_count"": 66, ""max_log_tuple_count"": 4.0, ""max_bitset_bytes"": 2, ""total_bitset_bytes"": 14, ""birth_count"": 2, ""generation_depth"": 1, ""discovery_work"": 245, ""endpoint_solver_cost"": 36}, {""scope_width"": 4, ""max_tuple_count"": 15, ""total_tuple_count"": 66, ""max_log_tuple_count"": 4.0, ""max_bitset_bytes"": 2, ""total_bitset_bytes"": 15, ""birth_count"": 2, ""generation_depth"": 1, ""discovery_work"": 139, ""endpoint_solver_cost"": 34}, {""scope_width"": 4, ""max_tuple_count"": 15, ""total_tuple_count"": 66, ""max_log_tuple_count"": 4.0, ""max_bitset_bytes"": 2, ""total_bitset_bytes"": 15, ""birth_count"": 2, ""generation_depth"": 2, ""discovery_work"": 399, ""endpoint_solver_cost"": 28}, {""scope_width"": 4, ""max_tuple_count"": 16, ""total_tuple_count"": 67, ""max_log_tuple_count"": 4.087462841250339, ""max_bitset_bytes"": 2, ""total_bitset_bytes"": 13, ""birth_count"": 1, ""generation_depth"": 1, ""discovery_work"": 682, ""endpoint_solver_cost"": 37}, {""scope_width"": 4, ""max_tuple_count"": 16, ""total_tuple_count"": 68, ""max_log_tuple_count"": 4.087462841250339, ""max_bitset_bytes"": 2, ""total_bitset_bytes"": 14, ""birth_count"": 2, ""generation_depth"": 1, ""discovery_work"": 717, ""endpoint_solver_cost"": 34}, {""scope_width"": 4, ""max_tuple_count"": 16, ""total_tuple_count"": 70, ""max_log_tuple_count"": 4.087462841250339, ""max_bitset_bytes"": 2, ""total_bitset_bytes"": 14, ""birth_count"": 2, ""generation_depth"": 1, ""discovery_work"": 727, ""endpoint_solver_cost"": 32}, {""scope_width"": 4, ""max_tuple_count"": 16, ""total_tuple_count"": 74, ""max_log_tuple_count"": 4.087462841250339, ""max_bitset_bytes"": 2, ""total_bitset_bytes"": 14, ""birth_count"": 2, ""generation_depth"": 1, ""discovery_work"": 853, ""endpoint_solver_cost"": 30}]",clause_level,v02-random-exact-n5-s5,,1,1,BCA,True,v0.2 exact suite
,legacy_v01_LCA,0,2,True,"[{""scope_width"": 0, ""max_tuple_count"": 15, ""total_tuple_count"": 55, ""max_log_tuple_count"": 4.0, ""max_bitset_bytes"": 2, ""total_bitset_bytes"": 10, ""birth_count"": 0, ""generation_depth"": 0, ""discovery_work"": 0, ""endpoint_solver_cost"": 55}]",legacy_scope_grouping,v02-random-exact-n5-s6,True,0,0,LCA,True,v0.2 exact suite
5,clause_LCA,,2,True,"[{""scope_width"": 0, ""max_tuple_count"": 15, ""total_tuple_count"": 71, ""max_log_tuple_count"": 4.0, ""max_bitset_bytes"": 2, ""total_bitset_bytes"": 12, ""birth_count"": 0, ""generation_depth"": 0, ""discovery_work"": 0, ""endpoint_solver_cost"": 71}]",clause_level,v02-random-exact-n5-s6,,0,0,LCA,True,v0.2 exact suite
2,clause_BCA,,2,True,"[{""scope_width"": 0, ""max_tuple_count"": 15, ""total_tuple_count"": 71, ""max_log_tuple_count"": 4.0, ""max_bitset_bytes"": 2, ""total_bitset_bytes"": 12, ""birth_count"": 0, ""generation_depth"": 0, ""discovery_work"": 0, ""endpoint_solver_cost"": 71}]",clause_level,v02-random-exact-n5-s6,,0,0,BCA,True,v0.2 exact suite
,legacy_v01_LCA,3,21,True,"[{""scope_width"": 3, ""max_tuple_count"": 14, ""total_tuple_count"": 33, ""max_log_tuple_count"": 3.9068905956085187, ""max_bitset_bytes"": 2, ""total_bitset_bytes"": 9, ""birth_count"": 1, ""generation_depth"": 1, ""discovery_work"": 213, ""endpoint_solver_cost"": 12}, {""scope_width"": 3, ""max_tuple_count"": 14, ""total_tuple_count"": 39, ""max_log_tuple_count"": 3.9068905956085187, ""max_bitset_bytes"": 2, ""total_bitset_bytes"": 10, ""birth_count"": 2, ""generation_depth"": 1, ""discovery_work"": 261, ""endpoint_solver_cost"": 9}, {""scope_width"": 3, ""max_tuple_count"": 14, ""total_tuple_count"": 39, ""max_log_tuple_count"": 3.9068905956085187, ""max_bitset_bytes"": 2, ""total_bitset_bytes"": 10, ""birth_count"": 2, ""generation_depth"": 2, ""discovery_work"": 162, ""endpoint_solver_cost"": 6}, {""scope_width"": 4, ""max_tuple_count"": 14, ""total_tuple_count"": 34, ""max_log_tuple_count"": 3.9068905956085187, ""max_bitset_bytes"": 2, ""total_bitset_bytes"": 10, ""birth_count"": 1, ""generation_depth"": 1, ""discovery_work"": 130, ""endpoint_solver_cost"": 10}]",legacy_scope_grouping,v02-random-exact-n5-s7,True,1,3,LCA,True,v0.2 exact suite
5,clause_LCA,,21,True,"[{""scope_width"": 3, ""max_tuple_count"": 15, ""total_tuple_count"": 57, ""max_log_tuple_count"": 4.0, ""max_bitset_bytes"": 2, ""total_bitset_bytes"": 12, ""birth_count"": 1, ""generation_depth"": 1, ""discovery_work"": 861, ""endpoint_solver_cost"": 20}, {""scope_width"": 3, ""max_tuple_count"": 15, ""total_tuple_count"": 63, ""max_log_tuple_count"": 4.0, ""max_bitset_bytes"": 2, ""total_bitset_bytes"": 13, ""birth_count"": 2, ""generation_depth"": 1, ""discovery_work"": 1044, ""endpoint_solver_cost"": 9}, {""scope_width"": 3, ""max_tuple_count"": 15, ""total_tuple_count"": 63, ""max_log_tuple_count"": 4.0, ""max_bitset_bytes"": 2, ""total_bitset_bytes"": 13, ""birth_count"": 2, ""generation_depth"": 2, ""discovery_work"": 432, ""endpoint_solver_cost"": 6}, {""scope_width"": 4, ""max_tuple_count"": 15, ""total_tuple_count"": 58, ""max_log_tuple_count"": 4.0, ""max_bitset_bytes"": 2, ""total_bitset_bytes"": 13, ""birth_count"": 1, ""generation_depth"": 1, ""discovery_work"": 489, ""endpoint_solver_cost"": 10}]",clause_level,v02-random-exact-n5-s7,,1,3,LCA,True,v0.2 exact suite
2,clause_BCA,,1023,True,"[{""scope_width"": 2, ""max_tuple_count"": 15, ""total_tuple_count"": 56, ""max_log_tuple_count"": 4.0, ""max_bitset_bytes"": 2, ""total_bitset_bytes"": 13, ""birth_count"": 2, ""generation_depth"": 2, ""discovery_work"": 73, ""endpoint_solver_cost"": 50}, {""scope_width"": 4, ""max_tuple_count"": 15, ""total_tuple_count"": 59, ""max_log_tuple_count"": 4.0, ""max_bitset_bytes"": 2, ""total_bitset_bytes"": 14, ""birth_count"": 2, ""generation_depth"": 2, ""discovery_work"": 111, ""endpoint_solver_cost"": 39}, {""scope_width"": 4, ""max_tuple_count"": 15, ""total_tuple_count"": 67, ""max_log_tuple_count"": 4.0, ""max_bitset_bytes"": 2, ""total_bitset_bytes"": 13, ""birth_count"": 1, ""generation_depth"": 1, ""discovery_work"": 161, ""endpoint_solver_cost"": 49}, {""scope_width"": 4, ""max_tuple_count"": 15, ""total_tuple_count"": 68, ""max_log_tuple_count"": 4.0, ""max_bitset_bytes"": 2, ""total_bitset_bytes"": 14, ""birth_count"": 2, ""generation_depth"": 1, ""discovery_work"": 191, ""endpoint_solver_cost"": 48}, {""scope_width"": 4, ""max_tuple_count"": 15, ""total_tuple_count"": 68, ""max_log_tuple_count"": 4.0, ""max_bitset_bytes"": 2, ""total_bitset_bytes"": 14, ""birth_count"": 2, ""generation_depth"": 1, ""discovery_work"": 196, ""endpoint_solver_cost"": 46}, {""scope_width"": 4, ""max_tuple_count"": 15, ""total_tuple_count"": 70, ""max_log_tuple_count"": 4.0, ""max_bitset_bytes"": 2, ""total_bitset_bytes"": 14, ""birth_count"": 2, ""generation_depth"": 1, ""discovery_work"": 206, ""endpoint_solver_cost"": 44}, {""scope_width"": 4, ""max_tuple_count"": 15, ""total_tuple_count"": 73, ""max_log_tuple_count"": 4.0, ""max_bitset_bytes"": 2, ""total_bitset_bytes"": 14, ""birth_count"": 2, ""generation_depth"": 1, ""discovery_work"": 330, ""endpoint_solver_cost"": 41}, {""scope_width"": 4, ""max_tuple_count"": 15, ""total_tuple_count"": 74, ""max_log_tuple_count"": 4.0, ""max_bitset_bytes"": 2, ""total_bitset_bytes"": 15, ""birth_count"": 2, ""generation_depth"": 1, ""discovery_work"": 226, ""endpoint_solver_cost"": 40}, {""scope_width"": 4, ""max_tuple_count"": 15, ""total_tuple_count"": 77, ""max_log_tuple_count"": 4.0, ""max_bitset_bytes"": 2, ""total_bitset_bytes"": 15, ""birth_count"": 2, ""generation_depth"": 2, ""discovery_work"": 678, ""endpoint_solver_cost"": 33}]",clause_level,v02-random-exact-n5-s7,,1,2,BCA,True,v0.2 exact suite
,legacy_v01_LCA,4,38,True,"[{""scope_width"": 4, ""max_tuple_count"": 15, ""total_tuple_count"": 70, ""max_log_tuple_count"": 4.0, ""max_bitset_bytes"": 2, ""total_bitset_bytes"": 13, ""birth_count"": 1, ""generation_depth"": 1, ""discovery_work"": 2148, ""endpoint_solver_cost"": 18}, {""scope_width"": 4, ""max_tuple_count"": 15, ""total_tuple_count"": 71, ""max_log_tuple_count"": 4.0, ""max_bitset_bytes"": 2, ""total_bitset_bytes"": 14, ""birth_count"": 2, ""generation_depth"": 2, ""discovery_work"": 1776, ""endpoint_solver_cost"": 5}, {""scope_width"": 4, ""max_tuple_count"": 15, ""total_tuple_count"": 73, ""max_log_tuple_count"": 4.0, ""max_bitset_bytes"": 2, ""total_bitset_bytes"": 14, ""birth_count"": 2, ""generation_depth"": 2, ""discovery_work"": 1101, ""endpoint_solver_cost"": 8}, {""scope_width"": 4, ""max_tuple_count"": 15, ""total_tuple_count"": 74, ""max_log_tuple_count"": 4.0, ""max_bitset_bytes"": 2, ""total_bitset_bytes"": 15, ""birth_count"": 3, ""generation_depth"": 3, ""discovery_work"": 1945, ""endpoint_solver_cost"": 3}, {""scope_width"": 4, ""max_tuple_count"": 15, ""total_tuple_count"": 76, ""max_log_tuple_count"": 4.0, ""max_bitset_bytes"": 2, ""total_bitset_bytes"": 15, ""birth_count"": 3, ""generation_depth"": 3, ""discovery_work"": 1171, ""endpoint_solver_cost"": 3}, {""scope_width"": 4, ""max_tuple_count"": 15, ""total_tuple_count"": 77, ""max_log_tuple_count"": 4.0, ""max_bitset_bytes"": 2, ""total_bitset_bytes"": 14, ""birth_count"": 2, ""generation_depth"": 2, ""discovery_work"": 1173, ""endpoint_solver_cost"": 5}]",legacy_scope_grouping,v02-random-exact-n5-s8,True,1,4,LCA,True,v0.2 exact suite
5,clause_LCA,,38,True,"[{""scope_width"": 4, ""max_tuple_count"": 15, ""total_tuple_count"": 78, ""max_log_tuple_count"": 4.0, ""max_bitset_bytes"": 2, ""total_bitset_bytes"": 14, ""birth_count"": 1, ""generation_depth"": 1, ""discovery_work"": 2746, ""endpoint_solver_cost"": 18}, {""scope_width"": 4, ""max_tuple_count"": 15, ""total_tuple_count"": 79, ""max_log_tuple_count"": 4.0, ""max_bitset_bytes"": 2, ""total_bitset_bytes"": 15, ""birth_count"": 2, ""generation_depth"": 2, ""discovery_work"": 2220, ""endpoint_solver_cost"": 5}, {""scope_width"": 4, ""max_tuple_count"": 15, ""total_tuple_count"": 81, ""max_log_tuple_count"": 4.0, ""max_bitset_bytes"": 2, ""total_bitset_bytes"": 15, ""birth_count"": 2, ""generation_depth"": 2, ""discovery_work"": 1323, ""endpoint_solver_cost"": 8}, {""scope_width"": 4, ""max_tuple_count"": 15, ""total_tuple_count"": 82, ""max_log_tuple_count"": 4.0, ""max_bitset_bytes"": 2, ""total_bitset_bytes"": 16, ""birth_count"": 3, ""generation_depth"": 3, ""discovery_work"": 2389, ""endpoint_solver_cost"": 3}, {""scope_width"": 4, ""max_tuple_count"": 15, ""total_tuple_count"": 84, ""max_log_tuple_count"": 4.0, ""max_bitset_bytes"": 2, ""total_bitset_bytes"": 16, ""birth_count"": 3, ""generation_depth"": 3, ""discovery_work"": 1393, ""endpoint_solver_cost"": 3}, {""scope_width"": 4, ""max_tuple_count"": 15, ""total_tuple_count"": 85, ""max_log_tuple_count"": 4.0, ""max_bitset_bytes"": 2, ""total_bitset_bytes"": 15, ""birth_count"": 2, ""generation_depth"": 2, ""discovery_work"": 1395, ""endpoint_solver_cost"": 5}, {""scope_width"": 4, ""max_tuple_count"": 15, ""total_tuple_count"": 86, ""max_log_tuple_count"": 4.0, ""max_bitset_bytes"": 2, ""total_bitset_bytes"": 16, ""birth_count"": 3, ""generation_depth"": 3, ""discovery_work"": 1386, ""endpoint_solver_cost"": 6}, {""scope_width"": 4, ""max_tuple_count"": 15, ""total_tuple_count"": 92, ""max_log_tuple_count"": 4.0, ""max_bitset_bytes"": 2, ""total_bitset_bytes"": 16, ""birth_count"": 3, ""generation_depth"": 3, ""discovery_work"": 1309, ""endpoint_solver_cost"": 4}]",clause_level,v02-random-exact-n5-s8,,1,4,LCA,True,v0.2 exact suite
2,clause_BCA,,1090,True,"[{""scope_width"": 4, ""max_tuple_count"": 15, ""total_tuple_count"": 79, ""max_log_tuple_count"": 4.0, ""max_bitset_bytes"": 2, ""total_bitset_bytes"": 15, ""birth_count"": 2, ""generation_depth"": 1, ""discovery_work"": 120, ""endpoint_solver_cost"": 55}, {""scope_width"": 4, ""max_tuple_count"": 15, ""total_tuple_count"": 80, ""max_log_tuple_count"": 4.0, ""max_bitset_bytes"": 2, ""total_bitset_bytes"": 15, ""birth_count"": 2, ""generation_depth"": 1, ""discovery_work"": 159, ""endpoint_solver_cost"": 54}]",clause_level,v02-random-exact-n5-s8,,2,4,BCA,True,v0.2 exact suite
,legacy_v01_LCA,3,11,True,"[{""scope_width"": 3, ""max_tuple_count"": 15, ""total_tuple_count"": 37, ""max_log_tuple_count"": 4.0, ""max_bitset_bytes"": 2, ""total_bitset_bytes"": 10, ""birth_count"": 1, ""generation_depth"": 1, ""discovery_work"": 423, ""endpoint_solver_cost"": 11}, {""scope_width"": 3, ""max_tuple_count"": 15, ""total_tuple_count"": 37, ""max_log_tuple_count"": 4.0, ""max_bitset_bytes"": 2, ""total_bitset_bytes"": 10, ""birth_count"": 1, ""generation_depth"": 1, ""discovery_work"": 427, ""endpoint_solver_cost"": 10}, {""scope_width"": 3, ""max_tuple_count"": 15, ""total_tuple_count"": 37, ""max_log_tuple_count"": 4.0, ""max_bitset_bytes"": 2, ""total_bitset_bytes"": 11, ""birth_count"": 2, ""generation_depth"": 2, ""discovery_work"": 217, ""endpoint_solver_cost"": 4}, {""scope_width"": 3, ""max_tuple_count"": 15, ""total_tuple_count"": 39, ""max_log_tuple_count"": 4.0, ""max_bitset_bytes"": 2, ""total_bitset_bytes"": 11, ""birth_count"": 2, ""generation_depth"": 2, ""discovery_work"": 215, ""endpoint_solver_cost"": 7}]",legacy_scope_grouping,v02-random-exact-n5-s9,True,1,3,LCA,True,v0.2 exact suite
5,clause_LCA,,21,True,"[{""scope_width"": 3, ""max_tuple_count"": 15, ""total_tuple_count"": 41, ""max_log_tuple_count"": 4.0, ""max_bitset_bytes"": 2, ""total_bitset_bytes"": 11, ""birth_count"": 1, ""generation_depth"": 1, ""discovery_work"": 423, ""endpoint_solver_cost"": 15}, {""scope_width"": 3, ""max_tuple_count"": 15, ""total_tuple_count"": 41, ""max_log_tuple_count"": 4.0, ""max_bitset_bytes"": 2, ""total_bitset_bytes"": 11, ""birth_count"": 1, ""generation_depth"": 1, ""discovery_work"": 546, ""endpoint_solver_cost"": 10}, {""scope_width"": 3, ""max_tuple_count"": 15, ""total_tuple_count"": 41, ""max_log_tuple_count"": 4.0, ""max_bitset_bytes"": 2, ""total_bitset_bytes"": 12, ""birth_count"": 2, ""generation_depth"": 2, ""discovery_work"": 339, ""endpoint_solver_cost"": 4}, {""scope_width"": 3, ""max_tuple_count"": 15, ""total_tuple_count"": 43, ""max_log_tuple_count"": 4.0, ""max_bitset_bytes"": 2, ""total_bitset_bytes"": 12, ""birth_count"": 2, ""generation_depth"": 1, ""discovery_work"": 430, ""endpoint_solver_cost"": 14}, {""scope_width"": 3, ""max_tuple_count"": 15, ""total_tuple_count"": 43, ""max_log_tuple_count"": 4.0, ""max_bitset_bytes"": 2, ""total_bitset_bytes"": 12, ""birth_count"": 2, ""generation_depth"": 1, ""discovery_work"": 553, ""endpoint_solver_cost"": 9}, {""scope_width"": 3, ""max_tuple_count"": 15, ""total_tuple_count"": 43, ""max_log_tuple_count"": 4.0, ""max_bitset_bytes"": 2, ""total_bitset_bytes"": 12, ""birth_count"": 2, ""generation_depth"": 2, ""discovery_work"": 337, ""endpoint_solver_cost"": 7}, {""scope_width"": 3, ""max_tuple_count"": 15, ""total_tuple_count"": 43, ""max_log_tuple_count"": 4.0, ""max_bitset_bytes"": 2, ""total_bitset_bytes"": 13, ""birth_count"": 3, ""generation_depth"": 2, ""discovery_work"": 345, ""endpoint_solver_cost"": 3}, {""scope_width"": 3, ""max_tuple_count"": 15, ""total_tuple_count"": 45, ""max_log_tuple_count"": 4.0, ""max_bitset_bytes"": 2, ""total_bitset_bytes"": 13, ""birth_count"": 3, ""generation_depth"": 2, ""discovery_work"": 331, ""endpoint_solver_cost"": 6}]",clause_level,v02-random-exact-n5-s9,,1,3,LCA,True,v0.2 exact suite
2,clause_BCA,,1109,True,"[{""scope_width"": 2, ""max_tuple_count"": 15, ""total_tuple_count"": 39, ""max_log_tuple_count"": 4.0, ""max_bitset_bytes"": 2, ""total_bitset_bytes"": 12, ""birth_count"": 2, ""generation_depth"": 1, ""discovery_work"": 79, ""endpoint_solver_cost"": 31}, {""scope_width"": 2, ""max_tuple_count"": 15, ""total_tuple_count"": 40, ""max_log_tuple_count"": 4.0, ""max_bitset_bytes"": 2, ""total_bitset_bytes"": 12, ""birth_count"": 2, ""generation_depth"": 1, ""discovery_work"": 77, ""endpoint_solver_cost"": 32}, {""scope_width"": 4, ""max_tuple_count"": 15, ""total_tuple_count"": 46, ""max_log_tuple_count"": 4.0, ""max_bitset_bytes"": 2, ""total_bitset_bytes"": 13, ""birth_count"": 2, ""generation_depth"": 2, ""discovery_work"": 211, ""endpoint_solver_cost"": 20}, {""scope_width"": 4, ""max_tuple_count"": 15, ""total_tuple_count"": 48, ""max_log_tuple_count"": 4.0, ""max_bitset_bytes"": 2, ""total_bitset_bytes"": 13, ""birth_count"": 2, ""generation_depth"": 1, ""discovery_work"": 119, ""endpoint_solver_cost"": 24}]",clause_level,v02-random-exact-n5-s9,,2,2,BCA,True,v0.2 exact suite
3,clause_LCA,,48,True,"[{""scope_width"": 2, ""max_tuple_count"": 15, ""total_tuple_count"": 41, ""max_log_tuple_count"": 4.0, ""max_bitset_bytes"": 2, ""total_bitset_bytes"": 7, ""birth_count"": 1, ""generation_depth"": 1, ""discovery_work"": 17, ""endpoint_solver_cost"": 34}, {""scope_width"": 2, ""max_tuple_count"": 15, ""total_tuple_count"": 41, ""max_log_tuple_count"": 4.0, ""max_bitset_bytes"": 2, ""total_bitset_bytes"": 7, ""birth_count"": 1, ""generation_depth"": 1, ""discovery_work"": 108, ""endpoint_solver_cost"": 26}, {""scope_width"": 2, ""max_tuple_count"": 15, ""total_tuple_count"": 43, ""max_log_tuple_count"": 4.0, ""max_bitset_bytes"": 2, ""total_bitset_bytes"": 8, ""birth_count"": 2, ""generation_depth"": 2, ""discovery_work"": 170, ""endpoint_solver_cost"": 24}, {""scope_width"": 2, ""max_tuple_count"": 15, ""total_tuple_count"": 44, ""max_log_tuple_count"": 4.0, ""max_bitset_bytes"": 2, ""total_bitset_bytes"": 9, ""birth_count"": 3, ""generation_depth"": 3, ""discovery_work"": 177, ""endpoint_solver_cost"": 23}, {""scope_width"": 2, ""max_tuple_count"": 15, ""total_tuple_count"": 45, ""max_log_tuple_count"": 4.0, ""max_bitset_bytes"": 2, ""total_bitset_bytes"": 8, ""birth_count"": 2, ""generation_depth"": 1, ""discovery_work"": 167, ""endpoint_solver_cost"": 24}, {""scope_width"": 2, ""max_tuple_count"": 15, ""total_tuple_count"": 47, ""max_log_tuple_count"": 4.0, ""max_bitset_bytes"": 2, ""total_bitset_bytes"": 9, ""birth_count"": 3, ""generation_depth"": 2, ""discovery_work"": 179, ""endpoint_solver_cost"": 22}, {""scope_width"": 3, ""max_tuple_count"": 15, ""total_tuple_count"": 49, ""max_log_tuple_count"": 4.0, ""max_bitset_bytes"": 2, ""total_bitset_bytes"": 8, ""birth_count"": 2, ""generation_depth"": 1, ""discovery_work"": 41, ""endpoint_solver_cost"": 27}, {""scope_width"": 3, ""max_tuple_count"": 15, ""total_tuple_count"": 49, ""max_log_tuple_count"": 4.0, ""max_bitset_bytes"": 2, ""total_bitset_bytes"": 8, ""birth_count"": 2, ""generation_depth"": 1, ""discovery_work"": 132, ""endpoint_solver_cost"": 19}, {""scope_width"": 3, ""max_tuple_count"": 15, ""total_tuple_count"": 51, ""max_log_tuple_count"": 4.0, ""max_bitset_bytes"": 2, ""total_bitset_bytes"": 9, ""birth_count"": 3, ""generation_depth"": 2, ""discovery_work"": 187, ""endpoint_solver_cost"": 18}, {""scope_width"": 3, ""max_tuple_count"": 15, ""total_tuple_count"": 53, ""max_log_tuple_count"": 4.0, ""max_bitset_bytes"": 2, ""total_bitset_bytes"": 9, ""birth_count"": 3, ""generation_depth"": 2, ""discovery_work"": 57, ""endpoint_solver_cost"": 23}, {""scope_width"": 3, ""max_tuple_count"": 15, ""total_tuple_count"": 53, ""max_log_tuple_count"": 4.0, ""max_bitset_bytes"": 2, ""total_bitset_bytes"": 9, ""birth_count"": 3, ""generation_depth"": 2, ""discovery_work"": 148, ""endpoint_solver_cost"": 15}]",clause_level,v02-scope-recovery-1minimal,,1,2,LCA,True,additional exact audit
3,clause_BCA,,62,True,"[{""scope_width"": 0, ""max_tuple_count"": 15, ""total_tuple_count"": 38, ""max_log_tuple_count"": 4.0, ""max_bitset_bytes"": 2, ""total_bitset_bytes"": 7, ""birth_count"": 1, ""generation_depth"": 1, ""discovery_work"": 220, ""endpoint_solver_cost"": 16}, {""scope_width"": 1, ""max_tuple_count"": 15, ""total_tuple_count"": 38, ""max_log_tuple_count"": 4.0, ""max_bitset_bytes"": 2, ""total_bitset_bytes"": 7, ""birth_count"": 1, ""generation_depth"": 1, ""discovery_work"": 24, ""endpoint_solver_cost"": 30}, {""scope_width"": 1, ""max_tuple_count"": 15, ""total_tuple_count"": 39, ""max_log_tuple_count"": 4.0, ""max_bitset_bytes"": 2, ""total_bitset_bytes"": 8, ""birth_count"": 2, ""generation_depth"": 2, ""discovery_work"": 60, ""endpoint_solver_cost"": 15}, {""scope_width"": 1, ""max_tuple_count"": 15, ""total_tuple_count"": 40, ""max_log_tuple_count"": 4.0, ""max_bitset_bytes"": 2, ""total_bitset_bytes"": 8, ""birth_count"": 2, ""generation_depth"": 1, ""discovery_work"": 171, ""endpoint_solver_cost"": 18}, {""scope_width"": 1, ""max_tuple_count"": 15, ""total_tuple_count"": 40, ""max_log_tuple_count"": 4.0, ""max_bitset_bytes"": 2, ""total_bitset_bytes"": 8, ""birth_count"": 2, ""generation_depth"": 1, ""discovery_work"": 187, ""endpoint_solver_cost"": 10}, {""scope_width"": 1, ""max_tuple_count"": 15, ""total_tuple_count"": 40, ""max_log_tuple_count"": 4.0, ""max_bitset_bytes"": 2, ""total_bitset_bytes"": 8, ""birth_count"": 2, ""generation_depth"": 1, ""discovery_work"": 367, ""endpoint_solver_cost"": 4}, {""scope_width"": 3, ""max_tuple_count"": 15, ""total_tuple_count"": 43, ""max_log_tuple_count"": 4.0, ""max_bitset_bytes"": 2, ""total_bitset_bytes"": 9, ""birth_count"": 3, ""generation_depth"": 3, ""discovery_work"": 151, ""endpoint_solver_cost"": 8}, {""scope_width"": 3, ""max_tuple_count"": 15, ""total_tuple_count"": 45, ""max_log_tuple_count"": 4.0, ""max_bitset_bytes"": 2, ""total_bitset_bytes"": 8, ""birth_count"": 2, ""generation_depth"": 1, ""discovery_work"": 144, ""endpoint_solver_cost"": 15}, {""scope_width"": 3, ""max_tuple_count"": 15, ""total_tuple_count"": 46, ""max_log_tuple_count"": 4.0, ""max_bitset_bytes"": 2, ""total_bitset_bytes"": 9, ""birth_count"": 3, ""generation_depth"": 3, ""discovery_work"": 123, ""endpoint_solver_cost"": 11}, {""scope_width"": 3, ""max_tuple_count"": 15, ""total_tuple_count"": 48, ""max_log_tuple_count"": 4.0, ""max_bitset_bytes"": 2, ""total_bitset_bytes"": 8, ""birth_count"": 2, ""generation_depth"": 1, ""discovery_work"": 132, ""endpoint_solver_cost"": 26}, {""scope_width"": 3, ""max_tuple_count"": 15, ""total_tuple_count"": 49, ""max_log_tuple_count"": 4.0, ""max_bitset_bytes"": 2, ""total_bitset_bytes"": 9, ""birth_count"": 3, ""generation_depth"": 2, ""discovery_work"": 165, ""endpoint_solver_cost"": 11}, {""scope_width"": 3, ""max_tuple_count"": 15, ""total_tuple_count"": 49, ""max_log_tuple_count"": 4.0, ""max_bitset_bytes"": 2, ""total_bitset_bytes"": 9, ""birth_count"": 3, ""generation_depth"": 2, ""discovery_work"": 331, ""endpoint_solver_cost"": 8}]",clause_level,v02-scope-recovery-1minimal,,1,0,BCA,True,additional exact audit
3,clause_LCA,,7,True,"[{""scope_width"": 2, ""max_tuple_count"": 7, ""total_tuple_count"": 24, ""max_log_tuple_count"": 3.0, ""max_bitset_bytes"": 1, ""total_bitset_bytes"": 6, ""birth_count"": 1, ""generation_depth"": 1, ""discovery_work"": 154, ""endpoint_solver_cost"": 7}, {""scope_width"": 2, ""max_tuple_count"": 7, ""total_tuple_count"": 24, ""max_log_tuple_count"": 3.0, ""max_bitset_bytes"": 1, ""total_bitset_bytes"": 6, ""birth_count"": 1, ""generation_depth"": 1, ""discovery_work"": 185, ""endpoint_solver_cost"": 4}]",clause_level,auto-small-s0,,1,2,LCA,True,additional exact audit
3,clause_BCA,,135,True,"[{""scope_width"": 3, ""max_tuple_count"": 7, ""total_tuple_count"": 27, ""max_log_tuple_count"": 3.0, ""max_bitset_bytes"": 1, ""total_bitset_bytes"": 6, ""birth_count"": 1, ""generation_depth"": 1, ""discovery_work"": 151, ""endpoint_solver_cost"": 13}, {""scope_width"": 3, ""max_tuple_count"": 7, ""total_tuple_count"": 29, ""max_log_tuple_count"": 3.0, ""max_bitset_bytes"": 1, ""total_bitset_bytes"": 7, ""birth_count"": 2, ""generation_depth"": 1, ""discovery_work"": 165, ""endpoint_solver_cost"": 11}, {""scope_width"": 3, ""max_tuple_count"": 7, ""total_tuple_count"": 29, ""max_log_tuple_count"": 3.0, ""max_bitset_bytes"": 1, ""total_bitset_bytes"": 7, ""birth_count"": 2, ""generation_depth"": 2, ""discovery_work"": 115, ""endpoint_solver_cost"": 10}, {""scope_width"": 3, ""max_tuple_count"": 7, ""total_tuple_count"": 29, ""max_log_tuple_count"": 3.0, ""max_bitset_bytes"": 1, ""total_bitset_bytes"": 7, ""birth_count"": 2, ""generation_depth"": 2, ""discovery_work"": 172, ""endpoint_solver_cost"": 7}, {""scope_width"": 3, ""max_tuple_count"": 7, ""total_tuple_count"": 29, ""max_log_tuple_count"": 3.0, ""max_bitset_bytes"": 1, ""total_bitset_bytes"": 8, ""birth_count"": 3, ""generation_depth"": 3, ""discovery_work"": 145, ""endpoint_solver_cost"": 5}, {""scope_width"": 3, ""max_tuple_count"": 7, ""total_tuple_count"": 30, ""max_log_tuple_count"": 3.0, ""max_bitset_bytes"": 1, ""total_bitset_bytes"": 7, ""birth_count"": 2, ""generation_depth"": 1, ""discovery_work"": 91, ""endpoint_solver_cost"": 12}, {""scope_width"": 3, ""max_tuple_count"": 7, ""total_tuple_count"": 30, ""max_log_tuple_count"": 3.0, ""max_bitset_bytes"": 1, ""total_bitset_bytes"": 8, ""birth_count"": 3, ""generation_depth"": 3, ""discovery_work"": 130, ""endpoint_solver_cost"": 5}, {""scope_width"": 3, ""max_tuple_count"": 7, ""total_tuple_count"": 31, ""max_log_tuple_count"": 3.0, ""max_bitset_bytes"": 1, ""total_bitset_bytes"": 7, ""birth_count"": 2, ""generation_depth"": 1, ""discovery_work"": 130, ""endpoint_solver_cost"": 11}, {""scope_width"": 3, ""max_tuple_count"": 7, ""total_tuple_count"": 31, ""max_log_tuple_count"": 3.0, ""max_bitset_bytes"": 1, ""total_bitset_bytes"": 8, ""birth_count"": 3, ""generation_depth"": 2, ""discovery_work"": 183, ""endpoint_solver_cost"": 5}, {""scope_width"": 3, ""max_tuple_count"": 7, ""total_tuple_count"": 32, ""max_log_tuple_count"": 3.0, ""max_bitset_bytes"": 1, ""total_bitset_bytes"": 8, ""birth_count"": 3, ""generation_depth"": 2, ""discovery_work"": 123, ""endpoint_solver_cost"": 9}, {""scope_width"": 3, ""max_tuple_count"": 7, ""total_tuple_count"": 32, ""max_log_tuple_count"": 3.0, ""max_bitset_bytes"": 1, ""total_bitset_bytes"": 8, ""birth_count"": 3, ""generation_depth"": 2, ""discovery_work"": 142, ""endpoint_solver_cost"": 8}, {""scope_width"": 3, ""max_tuple_count"": 7, ""total_tuple_count"": 32, ""max_log_tuple_count"": 3.0, ""max_bitset_bytes"": 1, ""total_bitset_bytes"": 8, ""birth_count"": 3, ""generation_depth"": 2, ""discovery_work"": 152, ""endpoint_solver_cost"": 5}, {""scope_width"": 3, ""max_tuple_count"": 7, ""total_tuple_count"": 32, ""max_log_tuple_count"": 3.0, ""max_bitset_bytes"": 1, ""total_bitset_bytes"": 8, ""birth_count"": 3, ""generation_depth"": 3, ""discovery_work"": 198, ""endpoint_solver_cost"": 3}, {""scope_width"": 3, ""max_tuple_count"": 7, ""total_tuple_count"": 33, ""max_log_tuple_count"": 3.0, ""max_bitset_bytes"": 1, ""total_bitset_bytes"": 8, ""birth_count"": 3, ""generation_depth"": 2, ""discovery_work"": 127, ""endpoint_solver_cost"": 8}, {""scope_width"": 3, ""max_tuple_count"": 7, ""total_tuple_count"": 34, ""max_log_tuple_count"": 3.0, ""max_bitset_bytes"": 1, ""total_bitset_bytes"": 8, ""birth_count"": 3, ""generation_depth"": 2, ""discovery_work"": 222, ""endpoint_solver_cost"": 3}]",clause_level,auto-small-s0,,1,3,BCA,True,additional exact audit
3,clause_LCA,,7,True,"[{""scope_width"": 2, ""max_tuple_count"": 7, ""total_tuple_count"": 24, ""max_log_tuple_count"": 3.0, ""max_bitset_bytes"": 1, ""total_bitset_bytes"": 6, ""birth_count"": 1, ""generation_depth"": 1, ""discovery_work"": 160, ""endpoint_solver_cost"": 7}, {""scope_width"": 2, ""max_tuple_count"": 7, ""total_tuple_count"": 24, ""max_log_tuple_count"": 3.0, ""max_bitset_bytes"": 1, ""total_bitset_bytes"": 6, ""birth_count"": 1, ""generation_depth"": 1, ""discovery_work"": 193, ""endpoint_solver_cost"": 6}, {""scope_width"": 2, ""max_tuple_count"": 7, ""total_tuple_count"": 24, ""max_log_tuple_count"": 3.0, ""max_bitset_bytes"": 1, ""total_bitset_bytes"": 6, ""birth_count"": 1, ""generation_depth"": 1, ""discovery_work"": 194, ""endpoint_solver_cost"": 4}]",clause_level,auto-small-s1,,1,2,LCA,True,additional exact audit
3,clause_BCA,,140,True,"[{""scope_width"": 2, ""max_tuple_count"": 7, ""total_tuple_count"": 23, ""max_log_tuple_count"": 3.0, ""max_bitset_bytes"": 1, ""total_bitset_bytes"": 6, ""birth_count"": 1, ""generation_depth"": 1, ""discovery_work"": 18, ""endpoint_solver_cost"": 19}, {""scope_width"": 3, ""max_tuple_count"": 7, ""total_tuple_count"": 27, ""max_log_tuple_count"": 3.0, ""max_bitset_bytes"": 1, ""total_bitset_bytes"": 7, ""birth_count"": 2, ""generation_depth"": 2, ""discovery_work"": 47, ""endpoint_solver_cost"": 17}, {""scope_width"": 3, ""max_tuple_count"": 7, ""total_tuple_count"": 27, ""max_log_tuple_count"": 3.0, ""max_bitset_bytes"": 1, ""total_bitset_bytes"": 7, ""birth_count"": 2, ""generation_depth"": 2, ""discovery_work"": 58, ""endpoint_solver_cost"": 13}, {""scope_width"": 3, ""max_tuple_count"": 7, ""total_tuple_count"": 27, ""max_log_tuple_count"": 3.0, ""max_bitset_bytes"": 1, ""total_bitset_bytes"": 7, ""birth_count"": 2, ""generation_depth"": 2, ""discovery_work"": 94, ""endpoint_solver_cost"": 9}, {""scope_width"": 3, ""max_tuple_count"": 7, ""total_tuple_count"": 27, ""max_log_tuple_count"": 3.0, ""max_bitset_bytes"": 1, ""total_bitset_bytes"": 8, ""birth_count"": 3, ""generation_depth"": 3, ""discovery_work"": 103, ""endpoint_solver_cost"": 4}, {""scope_width"": 3, ""max_tuple_count"": 7, ""total_tuple_count"": 28, ""max_log_tuple_count"": 3.0, ""max_bitset_bytes"": 1, ""total_bitset_bytes"": 7, ""birth_count"": 2, ""generation_depth"": 1, ""discovery_work"": 82, ""endpoint_solver_cost"": 14}, {""scope_width"": 3, ""max_tuple_count"": 7, ""total_tuple_count"": 28, ""max_log_tuple_count"": 3.0, ""max_bitset_bytes"": 1, ""total_bitset_bytes"": 8, ""birth_count"": 3, ""generation_depth"": 3, ""discovery_work"": 77, ""endpoint_solver_cost"": 9}, {""scope_width"": 3, ""max_tuple_count"": 7, ""total_tuple_count"": 29, ""max_log_tuple_count"": 3.0, ""max_bitset_bytes"": 1, ""total_bitset_bytes"": 7, ""birth_count"": 2, ""generation_depth"": 1, ""discovery_work"": 90, ""endpoint_solver_cost"": 11}, {""scope_width"": 3, ""max_tuple_count"": 7, ""total_tuple_count"": 29, ""max_log_tuple_count"": 3.0, ""max_bitset_bytes"": 1, ""total_bitset_bytes"": 7, ""birth_count"": 2, ""generation_depth"": 2, ""discovery_work"": 178, ""endpoint_solver_cost"": 7}, {""scope_width"": 3, ""max_tuple_count"": 7, ""total_tuple_count"": 30, ""max_log_tuple_count"": 3.0, ""max_bitset_bytes"": 1, ""total_bitset_bytes"": 8, ""birth_count"": 3, ""generation_depth"": 2, ""discovery_work"": 92, ""endpoint_solver_cost"": 9}, {""scope_width"": 3, ""max_tuple_count"": 7, ""total_tuple_count"": 30, ""max_log_tuple_count"": 3.0, ""max_bitset_bytes"": 1, ""total_bitset_bytes"": 8, ""birth_count"": 3, ""generation_depth"": 3, ""discovery_work"": 182, ""endpoint_solver_cost"": 3}, {""scope_width"": 3, ""max_tuple_count"": 7, ""total_tuple_count"": 31, ""max_log_tuple_count"": 3.0, ""max_bitset_bytes"": 1, ""total_bitset_bytes"": 8, ""birth_count"": 3, ""generation_depth"": 2, ""discovery_work"": 118, ""endpoint_solver_cost"": 7}, {""scope_width"": 3, ""max_tuple_count"": 7, ""total_tuple_count"": 31, ""max_log_tuple_count"": 3.0, ""max_bitset_bytes"": 1, ""total_bitset_bytes"": 8, ""birth_count"": 3, ""generation_depth"": 2, ""discovery_work"": 219, ""endpoint_solver_cost"": 4}, {""scope_width"": 3, ""max_tuple_count"": 7, ""total_tuple_count"": 31, ""max_log_tuple_count"": 3.0, ""max_bitset_bytes"": 1, ""total_bitset_bytes"": 8, ""birth_count"": 3, ""generation_depth"": 3, ""discovery_work"": 178, ""endpoint_solver_cost"": 3}, {""scope_width"": 3, ""max_tuple_count"": 7, ""total_tuple_count"": 33, ""max_log_tuple_count"": 3.0, ""max_bitset_bytes"": 1, ""total_bitset_bytes"": 8, ""birth_count"": 3, ""generation_depth"": 2, ""discovery_work"": 152, ""endpoint_solver_cost"": 6}, {""scope_width"": 3, ""max_tuple_count"": 7, ""total_tuple_count"": 33, ""max_log_tuple_count"": 3.0, ""max_bitset_bytes"": 1, ""total_bitset_bytes"": 8, ""birth_count"": 3, ""generation_depth"": 2, ""discovery_work"": 251, ""endpoint_solver_cost"": 3}, {""scope_width"": 3, ""max_tuple_count"": 7, ""total_tuple_count"": 34, ""max_log_tuple_count"": 3.0, ""max_bitset_bytes"": 1, ""total_bitset_bytes"": 8, ""birth_count"": 3, ""generation_depth"": 2, ""discovery_work"": 218, ""endpoint_solver_cost"": 3}]",clause_level,auto-small-s1,,1,2,BCA,True,additional exact audit
3,clause_LCA,,7,True,"[{""scope_width"": 2, ""max_tuple_count"": 7, ""total_tuple_count"": 22, ""max_log_tuple_count"": 3.0, ""max_bitset_bytes"": 1, ""total_bitset_bytes"": 6, ""birth_count"": 1, ""generation_depth"": 1, ""discovery_work"": 71, ""endpoint_solver_cost"": 1}]",clause_level,auto-small-s2,,1,2,LCA,True,additional exact audit
3,clause_BCA,,125,True,"[{""scope_width"": 3, ""max_tuple_count"": 7, ""total_tuple_count"": 24, ""max_log_tuple_count"": 3.0, ""max_bitset_bytes"": 1, ""total_bitset_bytes"": 7, ""birth_count"": 2, ""generation_depth"": 2, ""discovery_work"": 43, ""endpoint_solver_cost"": 12}, {""scope_width"": 3, ""max_tuple_count"": 7, ""total_tuple_count"": 24, ""max_log_tuple_count"": 3.0, ""max_bitset_bytes"": 1, ""total_bitset_bytes"": 8, ""birth_count"": 3, ""generation_depth"": 3, ""discovery_work"": 52, ""endpoint_solver_cost"": 8}, {""scope_width"": 3, ""max_tuple_count"": 7, ""total_tuple_count"": 24, ""max_log_tuple_count"": 3.0, ""max_bitset_bytes"": 1, ""total_bitset_bytes"": 8, ""birth_count"": 3, ""generation_depth"": 3, ""discovery_work"": 65, ""endpoint_solver_cost"": 4}, {""scope_width"": 3, ""max_tuple_count"": 7, ""total_tuple_count"": 25, ""max_log_tuple_count"": 3.0, ""max_bitset_bytes"": 1, ""total_bitset_bytes"": 6, ""birth_count"": 1, ""generation_depth"": 1, ""discovery_work"": 28, ""endpoint_solver_cost"": 17}, {""scope_width"": 3, ""max_tuple_count"": 7, ""total_tuple_count"": 27, ""max_log_tuple_count"": 3.0, ""max_bitset_bytes"": 1, ""total_bitset_bytes"": 7, ""birth_count"": 2, ""generation_depth"": 2, ""discovery_work"": 96, ""endpoint_solver_cost"": 9}, {""scope_width"": 3, ""max_tuple_count"": 7, ""total_tuple_count"": 28, ""max_log_tuple_count"": 3.0, ""max_bitset_bytes"": 1, ""total_bitset_bytes"": 8, ""birth_count"": 3, ""generation_depth"": 2, ""discovery_work"": 96, ""endpoint_solver_cost"": 8}, {""scope_width"": 3, ""max_tuple_count"": 7, ""total_tuple_count"": 29, ""max_log_tuple_count"": 3.0, ""max_bitset_bytes"": 1, ""total_bitset_bytes"": 7, ""birth_count"": 2, ""generation_depth"": 2, ""discovery_work"": 172, ""endpoint_solver_cost"": 7}, {""scope_width"": 3, ""max_tuple_count"": 7, ""total_tuple_count"": 29, ""max_log_tuple_count"": 3.0, ""max_bitset_bytes"": 1, ""total_bitset_bytes"": 8, ""birth_count"": 3, ""generation_depth"": 2, ""discovery_work"": 104, ""endpoint_solver_cost"": 7}, {""scope_width"": 3, ""max_tuple_count"": 7, ""total_tuple_count"": 29, ""max_log_tuple_count"": 3.0, ""max_bitset_bytes"": 1, ""total_bitset_bytes"": 8, ""birth_count"": 3, ""generation_depth"": 2, ""discovery_work"": 182, ""endpoint_solver_cost"": 4}, {""scope_width"": 3, ""max_tuple_count"": 7, ""total_tuple_count"": 30, ""max_log_tuple_count"": 3.0, ""max_bitset_bytes"": 1, ""total_bitset_bytes"": 7, ""birth_count"": 2, ""generation_depth"": 1, ""discovery_work"": 57, ""endpoint_solver_cost"": 16}, {""scope_width"": 3, ""max_tuple_count"": 7, ""total_tuple_count"": 30, ""max_log_tuple_count"": 3.0, ""max_bitset_bytes"": 1, ""total_bitset_bytes"": 7, ""birth_count"": 2, ""generation_depth"": 1, ""discovery_work"": 92, ""endpoint_solver_cost"": 12}, {""scope_width"": 3, ""max_tuple_count"": 7, ""total_tuple_count"": 30, ""max_log_tuple_count"": 3.0, ""max_bitset_bytes"": 1, ""total_bitset_bytes"": 8, ""birth_count"": 3, ""generation_depth"": 2, ""discovery_work"": 94, ""endpoint_solver_cost"": 8}, {""scope_width"": 3, ""max_tuple_count"": 7, ""total_tuple_count"": 30, ""max_log_tuple_count"": 3.0, ""max_bitset_bytes"": 1, ""total_bitset_bytes"": 8, ""birth_count"": 3, ""generation_depth"": 2, ""discovery_work"": 132, ""endpoint_solver_cost"": 4}, {""scope_width"": 3, ""max_tuple_count"": 7, ""total_tuple_count"": 32, ""max_log_tuple_count"": 3.0, ""max_bitset_bytes"": 1, ""total_bitset_bytes"": 8, ""birth_count"": 3, ""generation_depth"": 3, ""discovery_work"": 200, ""endpoint_solver_cost"": 3}, {""scope_width"": 3, ""max_tuple_count"": 7, ""total_tuple_count"": 33, ""max_log_tuple_count"": 3.0, ""max_bitset_bytes"": 1, ""total_bitset_bytes"": 8, ""birth_count"": 3, ""generation_depth"": 2, ""discovery_work"": 209, ""endpoint_solver_cost"": 3}]",clause_level,auto-small-s2,,1,3,BCA,True,additional exact audit
3,clause_LCA,,7,True,"[{""scope_width"": 2, ""max_tuple_count"": 7, ""total_tuple_count"": 22, ""max_log_tuple_count"": 3.0, ""max_bitset_bytes"": 1, ""total_bitset_bytes"": 6, ""birth_count"": 1, ""generation_depth"": 1, ""discovery_work"": 217, ""endpoint_solver_cost"": 1}, {""scope_width"": 2, ""max_tuple_count"": 7, ""total_tuple_count"": 24, ""max_log_tuple_count"": 3.0, ""max_bitset_bytes"": 1, ""total_bitset_bytes"": 6, ""birth_count"": 1, ""generation_depth"": 1, ""discovery_work"": 186, ""endpoint_solver_cost"": 7}]",clause_level,auto-small-s3,,1,2,LCA,True,additional exact audit
3,clause_BCA,,96,True,"[{""scope_width"": 3, ""max_tuple_count"": 7, ""total_tuple_count"": 23, ""max_log_tuple_count"": 3.0, ""max_bitset_bytes"": 1, ""total_bitset_bytes"": 7, ""birth_count"": 2, ""generation_depth"": 2, ""discovery_work"": 41, ""endpoint_solver_cost"": 11}, {""scope_width"": 3, ""max_tuple_count"": 7, ""total_tuple_count"": 25, ""max_log_tuple_count"": 3.0, ""max_bitset_bytes"": 1, ""total_bitset_bytes"": 6, ""birth_count"": 1, ""generation_depth"": 1, ""discovery_work"": 28, ""endpoint_solver_cost"": 17}, {""scope_width"": 3, ""max_tuple_count"": 7, ""total_tuple_count"": 25, ""max_log_tuple_count"": 3.0, ""max_bitset_bytes"": 1, ""total_bitset_bytes"": 8, ""birth_count"": 3, ""generation_depth"": 3, ""discovery_work"": 72, ""endpoint_solver_cost"": 8}, {""scope_width"": 3, ""max_tuple_count"": 7, ""total_tuple_count"": 26, ""max_log_tuple_count"": 3.0, ""max_bitset_bytes"": 1, ""total_bitset_bytes"": 6, ""birth_count"": 1, ""generation_depth"": 1, ""discovery_work"": 67, ""endpoint_solver_cost"": 16}, {""scope_width"": 3, ""max_tuple_count"": 7, ""total_tuple_count"": 27, ""max_log_tuple_count"": 3.0, ""max_bitset_bytes"": 1, ""total_bitset_bytes"": 7, ""birth_count"": 2, ""generation_depth"": 1, ""discovery_work"": 80, ""endpoint_solver_cost"": 13}, {""scope_width"": 3, ""max_tuple_count"": 7, ""total_tuple_count"": 27, ""max_log_tuple_count"": 3.0, ""max_bitset_bytes"": 1, ""total_bitset_bytes"": 7, ""birth_count"": 2, ""generation_depth"": 2, ""discovery_work"": 93, ""endpoint_solver_cost"": 9}, {""scope_width"": 3, ""max_tuple_count"": 7, ""total_tuple_count"": 28, ""max_log_tuple_count"": 3.0, ""max_bitset_bytes"": 1, ""total_bitset_bytes"": 8, ""birth_count"": 3, ""generation_depth"": 3, ""discovery_work"": 125, ""endpoint_solver_cost"": 5}, {""scope_width"": 3, ""max_tuple_count"": 7, ""total_tuple_count"": 29, ""max_log_tuple_count"": 3.0, ""max_bitset_bytes"": 1, ""total_bitset_bytes"": 7, ""birth_count"": 2, ""generation_depth"": 1, ""discovery_work"": 56, ""endpoint_solver_cost"": 15}, {""scope_width"": 3, ""max_tuple_count"": 7, ""total_tuple_count"": 29, ""max_log_tuple_count"": 3.0, ""max_bitset_bytes"": 1, ""total_bitset_bytes"": 7, ""birth_count"": 2, ""generation_depth"": 1, ""discovery_work"": 90, ""endpoint_solver_cost"": 11}, {""scope_width"": 3, ""max_tuple_count"": 7, ""total_tuple_count"": 29, ""max_log_tuple_count"": 3.0, ""max_bitset_bytes"": 1, ""total_bitset_bytes"": 7, ""birth_count"": 2, ""generation_depth"": 2, ""discovery_work"": 173, ""endpoint_solver_cost"": 7}, {""scope_width"": 3, ""max_tuple_count"": 7, ""total_tuple_count"": 29, ""max_log_tuple_count"": 3.0, ""max_bitset_bytes"": 1, ""total_bitset_bytes"": 8, ""birth_count"": 3, ""generation_depth"": 2, ""discovery_work"": 91, ""endpoint_solver_cost"": 8}, {""scope_width"": 3, ""max_tuple_count"": 7, ""total_tuple_count"": 29, ""max_log_tuple_count"": 3.0, ""max_bitset_bytes"": 1, ""total_bitset_bytes"": 8, ""birth_count"": 3, ""generation_depth"": 2, ""discovery_work"": 182, ""endpoint_solver_cost"": 4}, {""scope_width"": 3, ""max_tuple_count"": 7, ""total_tuple_count"": 29, ""max_log_tuple_count"": 3.0, ""max_bitset_bytes"": 1, ""total_bitset_bytes"": 8, ""birth_count"": 3, ""generation_depth"": 3, ""discovery_work"": 122, ""endpoint_solver_cost"": 5}, {""scope_width"": 3, ""max_tuple_count"": 7, ""total_tuple_count"": 30, ""max_log_tuple_count"": 3.0, ""max_bitset_bytes"": 1, ""total_bitset_bytes"": 8, ""birth_count"": 3, ""generation_depth"": 3, ""discovery_work"": 180, ""endpoint_solver_cost"": 3}, {""scope_width"": 3, ""max_tuple_count"": 7, ""total_tuple_count"": 31, ""max_log_tuple_count"": 3.0, ""max_bitset_bytes"": 1, ""total_bitset_bytes"": 8, ""birth_count"": 3, ""generation_depth"": 2, ""discovery_work"": 118, ""endpoint_solver_cost"": 7}, {""scope_width"": 3, ""max_tuple_count"": 7, ""total_tuple_count"": 31, ""max_log_tuple_count"": 3.0, ""max_bitset_bytes"": 1, ""total_bitset_bytes"": 8, ""birth_count"": 3, ""generation_depth"": 2, ""discovery_work"": 139, ""endpoint_solver_cost"": 6}, {""scope_width"": 3, ""max_tuple_count"": 7, ""total_tuple_count"": 31, ""max_log_tuple_count"": 3.0, ""max_bitset_bytes"": 1, ""total_bitset_bytes"": 8, ""birth_count"": 3, ""generation_depth"": 3, ""discovery_work"": 177, ""endpoint_solver_cost"": 3}, {""scope_width"": 3, ""max_tuple_count"": 7, ""total_tuple_count"": 33, ""max_log_tuple_count"": 3.0, ""max_bitset_bytes"": 1, ""total_bitset_bytes"": 8, ""birth_count"": 3, ""generation_depth"": 2, ""discovery_work"": 249, ""endpoint_solver_cost"": 3}]",clause_level,auto-small-s3,,1,3,BCA,True,additional exact audit
3,clause_LCA,,2,True,"[{""scope_width"": 0, ""max_tuple_count"": 7, ""total_tuple_count"": 15, ""max_log_tuple_count"": 3.0, ""max_bitset_bytes"": 1, ""total_bitset_bytes"": 5, ""birth_count"": 0, ""generation_depth"": 0, ""discovery_work"": 0, ""endpoint_solver_cost"": 15}]",clause_level,auto-small-s4,,0,0,LCA,True,additional exact audit
3,clause_BCA,,2,True,"[{""scope_width"": 0, ""max_tuple_count"": 7, ""total_tuple_count"": 15, ""max_log_tuple_count"": 3.0, ""max_bitset_bytes"": 1, ""total_bitset_bytes"": 5, ""birth_count"": 0, ""generation_depth"": 0, ""discovery_work"": 0, ""endpoint_solver_cost"": 15}]",clause_level,auto-small-s4,,0,0,BCA,True,additional exact audit
3,clause_LCA,,2,True,"[{""scope_width"": 0, ""max_tuple_count"": 3, ""total_tuple_count"": 11, ""max_log_tuple_count"": 2.0, ""max_bitset_bytes"": 1, ""total_bitset_bytes"": 5, ""birth_count"": 0, ""generation_depth"": 0, ""discovery_work"": 0, ""endpoint_solver_cost"": 11}]",clause_level,auto-small-s5,,0,0,LCA,True,additional exact audit
3,clause_BCA,,2,True,"[{""scope_width"": 0, ""max_tuple_count"": 3, ""total_tuple_count"": 11, ""max_log_tuple_count"": 2.0, ""max_bitset_bytes"": 1, ""total_bitset_bytes"": 5, ""birth_count"": 0, ""generation_depth"": 0, ""discovery_work"": 0, ""endpoint_solver_cost"": 11}]",clause_level,auto-small-s5,,0,0,BCA,True,additional exact audit
3,clause_LCA,,2,True,"[{""scope_width"": 0, ""max_tuple_count"": 7, ""total_tuple_count"": 19, ""max_log_tuple_count"": 3.0, ""max_bitset_bytes"": 1, ""total_bitset_bytes"": 5, ""birth_count"": 0, ""generation_depth"": 0, ""discovery_work"": 0, ""endpoint_solver_cost"": 19}]",clause_level,auto-small-s6,,0,0,LCA,True,additional exact audit
3,clause_BCA,,2,True,"[{""scope_width"": 0, ""max_tuple_count"": 7, ""total_tuple_count"": 19, ""max_log_tuple_count"": 3.0, ""max_bitset_bytes"": 1, ""total_bitset_bytes"": 5, ""birth_count"": 0, ""generation_depth"": 0, ""discovery_work"": 0, ""endpoint_solver_cost"": 19}]",clause_level,auto-small-s6,,0,0,BCA,True,additional exact audit
3,clause_LCA,,2,True,"[{""scope_width"": 0, ""max_tuple_count"": 3, ""total_tuple_count"": 9, ""max_log_tuple_count"": 2.0, ""max_bitset_bytes"": 1, ""total_bitset_bytes"": 5, ""birth_count"": 0, ""generation_depth"": 0, ""discovery_work"": 0, ""endpoint_solver_cost"": 9}]",clause_level,auto-small-s7,,0,0,LCA,True,additional exact audit
3,clause_BCA,,2,True,"[{""scope_width"": 0, ""max_tuple_count"": 3, ""total_tuple_count"": 9, ""max_log_tuple_count"": 2.0, ""max_bitset_bytes"": 1, ""total_bitset_bytes"": 5, ""birth_count"": 0, ""generation_depth"": 0, ""discovery_work"": 0, ""endpoint_solver_cost"": 9}]",clause_level,auto-small-s7,,0,0,BCA,True,additional exact audit
3,clause_LCA,,7,True,"[{""scope_width"": 2, ""max_tuple_count"": 7, ""total_tuple_count"": 21, ""max_log_tuple_count"": 3.0, ""max_bitset_bytes"": 1, ""total_bitset_bytes"": 6, ""birth_count"": 1, ""generation_depth"": 1, ""discovery_work"": 16, ""endpoint_solver_cost"": 0}]",clause_level,auto-small-s8,,1,2,LCA,True,additional exact audit
3,clause_BCA,,80,True,"[{""scope_width"": 2, ""max_tuple_count"": 7, ""total_tuple_count"": 22, ""max_log_tuple_count"": 3.0, ""max_bitset_bytes"": 1, ""total_bitset_bytes"": 7, ""birth_count"": 2, ""generation_depth"": 2, ""discovery_work"": 30, ""endpoint_solver_cost"": 14}, {""scope_width"": 2, ""max_tuple_count"": 7, ""total_tuple_count"": 25, ""max_log_tuple_count"": 3.0, ""max_bitset_bytes"": 1, ""total_bitset_bytes"": 6, ""birth_count"": 1, ""generation_depth"": 1, ""discovery_work"": 150, ""endpoint_solver_cost"": 11}, {""scope_width"": 2, ""max_tuple_count"": 7, ""total_tuple_count"": 26, ""max_log_tuple_count"": 3.0, ""max_bitset_bytes"": 1, ""total_bitset_bytes"": 7, ""birth_count"": 2, ""generation_depth"": 1, ""discovery_work"": 163, ""endpoint_solver_cost"": 8}, {""scope_width"": 2, ""max_tuple_count"": 7, ""total_tuple_count"": 27, ""max_log_tuple_count"": 3.0, ""max_bitset_bytes"": 1, ""total_bitset_bytes"": 7, ""birth_count"": 2, ""generation_depth"": 1, ""discovery_work"": 181, ""endpoint_solver_cost"": 7}, {""scope_width"": 3, ""max_tuple_count"": 7, ""total_tuple_count"": 23, ""max_log_tuple_count"": 3.0, ""max_bitset_bytes"": 1, ""total_bitset_bytes"": 8, ""birth_count"": 3, ""generation_depth"": 3, ""discovery_work"": 51, ""endpoint_solver_cost"": 7}, {""scope_width"": 3, ""max_tuple_count"": 7, ""total_tuple_count"": 24, ""max_log_tuple_count"": 3.0, ""max_bitset_bytes"": 1, ""total_bitset_bytes"": 7, ""birth_count"": 2, ""generation_depth"": 2, ""discovery_work"": 42, ""endpoint_solver_cost"": 12}, {""scope_width"": 3, ""max_tuple_count"": 7, ""total_tuple_count"": 24, ""max_log_tuple_count"": 3.0, ""max_bitset_bytes"": 1, ""total_bitset_bytes"": 8, ""birth_count"": 3, ""generation_depth"": 3, ""discovery_work"": 65, ""endpoint_solver_cost"": 4}, {""scope_width"": 3, ""max_tuple_count"": 7, ""total_tuple_count"": 25, ""max_log_tuple_count"": 3.0, ""max_bitset_bytes"": 1, ""total_bitset_bytes"": 6, ""birth_count"": 1, ""generation_depth"": 1, ""discovery_work"": 28, ""endpoint_solver_cost"": 17}, {""scope_width"": 3, ""max_tuple_count"": 7, ""total_tuple_count"": 26, ""max_log_tuple_count"": 3.0, ""max_bitset_bytes"": 1, ""total_bitset_bytes"": 6, ""birth_count"": 1, ""generation_depth"": 1, ""discovery_work"": 67, ""endpoint_solver_cost"": 16}, {""scope_width"": 3, ""max_tuple_count"": 7, ""total_tuple_count"": 26, ""max_log_tuple_count"": 3.0, ""max_bitset_bytes"": 1, ""total_bitset_bytes"": 7, ""birth_count"": 2, ""generation_depth"": 1, ""discovery_work"": 58, ""endpoint_solver_cost"": 12}, {""scope_width"": 3, ""max_tuple_count"": 7, ""total_tuple_count"": 26, ""max_log_tuple_count"": 3.0, ""max_bitset_bytes"": 1, ""total_bitset_bytes"": 7, ""birth_count"": 2, ""generation_depth"": 2, ""discovery_work"": 78, ""endpoint_solver_cost"": 11}, {""scope_width"": 3, ""max_tuple_count"": 7, ""total_tuple_count"": 26, ""max_log_tuple_count"": 3.0, ""max_bitset_bytes"": 1, ""total_bitset_bytes"": 7, ""birth_count"": 2, ""generation_depth"": 2, ""discovery_work"": 96, ""endpoint_solver_cost"": 8}, {""scope_width"": 3, ""max_tuple_count"": 7, ""total_tuple_count"": 27, ""max_log_tuple_count"": 3.0, ""max_bitset_bytes"": 1, ""total_bitset_bytes"": 8, ""birth_count"": 3, ""generation_depth"": 2, ""discovery_work"": 95, ""endpoint_solver_cost"": 7}, {""scope_width"": 3, ""max_tuple_count"": 7, ""total_tuple_count"": 28, ""max_log_tuple_count"": 3.0, ""max_bitset_bytes"": 1, ""total_bitset_bytes"": 8, ""birth_count"": 3, ""generation_depth"": 2, ""discovery_work"": 101, ""endpoint_solver_cost"": 6}, {""scope_width"": 3, ""max_tuple_count"": 7, ""total_tuple_count"": 29, ""max_log_tuple_count"": 3.0, ""max_bitset_bytes"": 1, ""total_bitset_bytes"": 7, ""birth_count"": 2, ""generation_depth"": 1, ""discovery_work"": 90, ""endpoint_solver_cost"": 11}, {""scope_width"": 3, ""max_tuple_count"": 7, ""total_tuple_count"": 29, ""max_log_tuple_count"": 3.0, ""max_bitset_bytes"": 1, ""total_bitset_bytes"": 7, ""birth_count"": 2, ""generation_depth"": 2, ""discovery_work"": 172, ""endpoint_solver_cost"": 7}, {""scope_width"": 3, ""max_tuple_count"": 7, ""total_tuple_count"": 30, ""max_log_tuple_count"": 3.0, ""max_bitset_bytes"": 1, ""total_bitset_bytes"": 8, ""birth_count"": 3, ""generation_depth"": 2, ""discovery_work"": 132, ""endpoint_solver_cost"": 4}, {""scope_width"": 3, ""max_tuple_count"": 7, ""total_tuple_count"": 33, ""max_log_tuple_count"": 3.0, ""max_bitset_bytes"": 1, ""total_bitset_bytes"": 8, ""birth_count"": 3, ""generation_depth"": 2, ""discovery_work"": 220, ""endpoint_solver_cost"": 2}]",clause_level,auto-small-s8,,1,2,BCA,True,additional exact audit
3,clause_LCA,,7,True,"[{""scope_width"": 2, ""max_tuple_count"": 7, ""total_tuple_count"": 26, ""max_log_tuple_count"": 3.0, ""max_bitset_bytes"": 1, ""total_bitset_bytes"": 6, ""birth_count"": 1, ""generation_depth"": 1, ""discovery_work"": 262, ""endpoint_solver_cost"": 1}, {""scope_width"": 2, ""max_tuple_count"": 7, ""total_tuple_count"": 28, ""max_log_tuple_count"": 3.0, ""max_bitset_bytes"": 1, ""total_bitset_bytes"": 6, ""birth_count"": 1, ""generation_depth"": 1, ""discovery_work"": 256, ""endpoint_solver_cost"": 4}]",clause_level,auto-small-s9,,1,2,LCA,True,additional exact audit
3,clause_BCA,,115,True,"[{""scope_width"": 3, ""max_tuple_count"": 7, ""total_tuple_count"": 28, ""max_log_tuple_count"": 3.0, ""max_bitset_bytes"": 1, ""total_bitset_bytes"": 7, ""birth_count"": 2, ""generation_depth"": 2, ""discovery_work"": 43, ""endpoint_solver_cost"": 16}, {""scope_width"": 3, ""max_tuple_count"": 7, ""total_tuple_count"": 28, ""max_log_tuple_count"": 3.0, ""max_bitset_bytes"": 1, ""total_bitset_bytes"": 8, ""birth_count"": 3, ""generation_depth"": 3, ""discovery_work"": 65, ""endpoint_solver_cost"": 8}, {""scope_width"": 3, ""max_tuple_count"": 7, ""total_tuple_count"": 30, ""max_log_tuple_count"": 3.0, ""max_bitset_bytes"": 1, ""total_bitset_bytes"": 7, ""birth_count"": 2, ""generation_depth"": 2, ""discovery_work"": 91, ""endpoint_solver_cost"": 12}, {""scope_width"": 3, ""max_tuple_count"": 7, ""total_tuple_count"": 31, ""max_log_tuple_count"": 3.0, ""max_bitset_bytes"": 1, ""total_bitset_bytes"": 6, ""birth_count"": 1, ""generation_depth"": 1, ""discovery_work"": 69, ""endpoint_solver_cost"": 21}, {""scope_width"": 3, ""max_tuple_count"": 7, ""total_tuple_count"": 31, ""max_log_tuple_count"": 3.0, ""max_bitset_bytes"": 1, ""total_bitset_bytes"": 6, ""birth_count"": 1, ""generation_depth"": 1, ""discovery_work"": 152, ""endpoint_solver_cost"": 17}, {""scope_width"": 3, ""max_tuple_count"": 7, ""total_tuple_count"": 31, ""max_log_tuple_count"": 3.0, ""max_bitset_bytes"": 1, ""total_bitset_bytes"": 8, ""birth_count"": 3, ""generation_depth"": 3, ""discovery_work"": 133, ""endpoint_solver_cost"": 4}, {""scope_width"": 3, ""max_tuple_count"": 7, ""total_tuple_count"": 32, ""max_log_tuple_count"": 3.0, ""max_bitset_bytes"": 1, ""total_bitset_bytes"": 7, ""birth_count"": 2, ""generation_depth"": 1, ""discovery_work"": 165, ""endpoint_solver_cost"": 14}, {""scope_width"": 3, ""max_tuple_count"": 7, ""total_tuple_count"": 33, ""max_log_tuple_count"": 3.0, ""max_bitset_bytes"": 1, ""total_bitset_bytes"": 8, ""birth_count"": 3, ""generation_depth"": 2, ""discovery_work"": 182, ""endpoint_solver_cost"": 8}, {""scope_width"": 3, ""max_tuple_count"": 7, ""total_tuple_count"": 33, ""max_log_tuple_count"": 3.0, ""max_bitset_bytes"": 1, ""total_bitset_bytes"": 8, ""birth_count"": 3, ""generation_depth"": 2, ""discovery_work"": 186, ""endpoint_solver_cost"": 7}, {""scope_width"": 3, ""max_tuple_count"": 7, ""total_tuple_count"": 34, ""max_log_tuple_count"": 3.0, ""max_bitset_bytes"": 1, ""total_bitset_bytes"": 7, ""birth_count"": 2, ""generation_depth"": 1, ""discovery_work"": 92, ""endpoint_solver_cost"": 16}, {""scope_width"": 3, ""max_tuple_count"": 7, ""total_tuple_count"": 34, ""max_log_tuple_count"": 3.0, ""max_bitset_bytes"": 1, ""total_bitset_bytes"": 7, ""birth_count"": 2, ""generation_depth"": 1, ""discovery_work"": 173, ""endpoint_solver_cost"": 12}, {""scope_width"": 3, ""max_tuple_count"": 7, ""total_tuple_count"": 34, ""max_log_tuple_count"": 3.0, ""max_bitset_bytes"": 1, ""total_bitset_bytes"": 7, ""birth_count"": 2, ""generation_depth"": 2, ""discovery_work"": 277, ""endpoint_solver_cost"": 7}, {""scope_width"": 3, ""max_tuple_count"": 7, ""total_tuple_count"": 34, ""max_log_tuple_count"": 3.0, ""max_bitset_bytes"": 1, ""total_bitset_bytes"": 8, ""birth_count"": 3, ""generation_depth"": 2, ""discovery_work"": 134, ""endpoint_solver_cost"": 8}, {""scope_width"": 3, ""max_tuple_count"": 7, ""total_tuple_count"": 35, ""max_log_tuple_count"": 3.0, ""max_bitset_bytes"": 1, ""total_bitset_bytes"": 8, ""birth_count"": 3, ""generation_depth"": 2, ""discovery_work"": 153, ""endpoint_solver_cost"": 7}, {""scope_width"": 3, ""max_tuple_count"": 7, ""total_tuple_count"": 35, ""max_log_tuple_count"": 3.0, ""max_bitset_bytes"": 1, ""total_bitset_bytes"": 8, ""birth_count"": 3, ""generation_depth"": 2, ""discovery_work"": 225, ""endpoint_solver_cost"": 4}, {""scope_width"": 3, ""max_tuple_count"": 7, ""total_tuple_count"": 37, ""max_log_tuple_count"": 3.0, ""max_bitset_bytes"": 1, ""total_bitset_bytes"": 8, ""birth_count"": 3, ""generation_depth"": 3, ""discovery_work"": 282, ""endpoint_solver_cost"": 3}, {""scope_width"": 3, ""max_tuple_count"": 7, ""total_tuple_count"": 39, ""max_log_tuple_count"": 3.0, ""max_bitset_bytes"": 1, ""total_bitset_bytes"": 8, ""birth_count"": 3, ""generation_depth"": 2, ""discovery_work"": 323, ""endpoint_solver_cost"": 3}]",clause_level,auto-small-s9,,1,3,BCA,True,additional exact audit
3,clause_LCA,,2,True,"[{""scope_width"": 0, ""max_tuple_count"": 1, ""total_tuple_count"": 1, ""max_log_tuple_count"": 1.0, ""max_bitset_bytes"": 1, ""total_bitset_bytes"": 2, ""birth_count"": 0, ""generation_depth"": 0, ""discovery_work"": 0, ""endpoint_solver_cost"": 1}]",clause_level,boundary-empty-clause,,0,0,LCA,True,additional exact audit
3,clause_BCA,,2,True,"[{""scope_width"": 0, ""max_tuple_count"": 1, ""total_tuple_count"": 1, ""max_log_tuple_count"": 1.0, ""max_bitset_bytes"": 1, ""total_bitset_bytes"": 2, ""birth_count"": 0, ""generation_depth"": 0, ""discovery_work"": 0, ""endpoint_solver_cost"": 1}]",clause_level,boundary-empty-clause,,0,0,BCA,True,additional exact audit
3,clause_LCA,,2,True,"[{""scope_width"": 0, ""max_tuple_count"": 1, ""total_tuple_count"": 2, ""max_log_tuple_count"": 1.0, ""max_bitset_bytes"": 1, ""total_bitset_bytes"": 2, ""birth_count"": 0, ""generation_depth"": 0, ""discovery_work"": 0, ""endpoint_solver_cost"": 2}]",clause_level,boundary-tautological-pair,,0,0,LCA,True,additional exact audit
3,clause_BCA,,2,True,"[{""scope_width"": 0, ""max_tuple_count"": 1, ""total_tuple_count"": 2, ""max_log_tuple_count"": 1.0, ""max_bitset_bytes"": 1, ""total_bitset_bytes"": 2, ""birth_count"": 0, ""generation_depth"": 0, ""discovery_work"": 0, ""endpoint_solver_cost"": 2}]",clause_level,boundary-tautological-pair,,0,0,BCA,True,additional exact audit
3,clause_LCA,,2,True,"[{""scope_width"": 0, ""max_tuple_count"": 7, ""total_tuple_count"": 23, ""max_log_tuple_count"": 3.0, ""max_bitset_bytes"": 1, ""total_bitset_bytes"": 5, ""birth_count"": 0, ""generation_depth"": 0, ""discovery_work"": 0, ""endpoint_solver_cost"": 23}]",clause_level,same-graph-semantics-a,,0,0,LCA,True,additional exact audit
3,clause_BCA,,2,True,"[{""scope_width"": 0, ""max_tuple_count"": 7, ""total_tuple_count"": 23, ""max_log_tuple_count"": 3.0, ""max_bitset_bytes"": 1, ""total_bitset_bytes"": 5, ""birth_count"": 0, ""generation_depth"": 0, ""discovery_work"": 0, ""endpoint_solver_cost"": 23}]",clause_level,same-graph-semantics-a,,0,0,BCA,True,additional exact audit
3,clause_LCA,,7,True,"[{""scope_width"": 2, ""max_tuple_count"": 7, ""total_tuple_count"": 26, ""max_log_tuple_count"": 3.0, ""max_bitset_bytes"": 1, ""total_bitset_bytes"": 6, ""birth_count"": 1, ""generation_depth"": 1, ""discovery_work"": 209, ""endpoint_solver_cost"": 6}]",clause_level,same-graph-semantics-b,,1,2,LCA,True,additional exact audit
3,clause_BCA,,184,True,"[{""scope_width"": 3, ""max_tuple_count"": 7, ""total_tuple_count"": 33, ""max_log_tuple_count"": 3.0, ""max_bitset_bytes"": 1, ""total_bitset_bytes"": 7, ""birth_count"": 2, ""generation_depth"": 1, ""discovery_work"": 130, ""endpoint_solver_cost"": 13}, {""scope_width"": 3, ""max_tuple_count"": 7, ""total_tuple_count"": 33, ""max_log_tuple_count"": 3.0, ""max_bitset_bytes"": 1, ""total_bitset_bytes"": 7, ""birth_count"": 2, ""generation_depth"": 2, ""discovery_work"": 176, ""endpoint_solver_cost"": 11}, {""scope_width"": 3, ""max_tuple_count"": 7, ""total_tuple_count"": 33, ""max_log_tuple_count"": 3.0, ""max_bitset_bytes"": 1, ""total_bitset_bytes"": 8, ""birth_count"": 3, ""generation_depth"": 3, ""discovery_work"": 180, ""endpoint_solver_cost"": 6}, {""scope_width"": 3, ""max_tuple_count"": 7, ""total_tuple_count"": 34, ""max_log_tuple_count"": 3.0, ""max_bitset_bytes"": 1, ""total_bitset_bytes"": 8, ""birth_count"": 3, ""generation_depth"": 3, ""discovery_work"": 177, ""endpoint_solver_cost"": 6}, {""scope_width"": 3, ""max_tuple_count"": 7, ""total_tuple_count"": 35, ""max_log_tuple_count"": 3.0, ""max_bitset_bytes"": 1, ""total_bitset_bytes"": 8, ""birth_count"": 3, ""generation_depth"": 2, ""discovery_work"": 176, ""endpoint_solver_cost"": 8}, {""scope_width"": 3, ""max_tuple_count"": 7, ""total_tuple_count"": 36, ""max_log_tuple_count"": 3.0, ""max_bitset_bytes"": 1, ""total_bitset_bytes"": 8, ""birth_count"": 3, ""generation_depth"": 2, ""discovery_work"": 173, ""endpoint_solver_cost"": 8}, {""scope_width"": 3, ""max_tuple_count"": 7, ""total_tuple_count"": 36, ""max_log_tuple_count"": 3.0, ""max_bitset_bytes"": 1, ""total_bitset_bytes"": 8, ""birth_count"": 3, ""generation_depth"": 2, ""discovery_work"": 205, ""endpoint_solver_cost"": 6}]",clause_level,same-graph-semantics-b,,2,3,BCA,True,additional exact audit
